,Date,RentedBikeCount,Hour,Temperature,Humidity,Wind speed,Visibility,Dew point temperature,Solar Radiation,Rainfall,Snowfall,Seasons,Holiday,Functioning Day
0,2017-12-22,196,0,-1.7,79,0.5,794,-4.8,0.0,0.0,0.8,Winter,Holiday,True
1,2017-12-22,250,1,-1.6,79,0.6,784,-4.7,0.0,0.0,0.8,Winter,Holiday,True
2,2017-12-22,161,2,-1.1,79,0.7,736,-4.2,0.0,0.0,0.8,Winter,Holiday,True
3,2017-12-22,99,3,-0.6,76,0.5,789,-4.3,0.0,0.0,0.7,Winter,Holiday,True
4,2017-12-22,64,4,-0.3,76,0.9,760,-4.0,0.0,0.0,0.7,Winter,Holiday,True
5,2017-12-22,76,5,-0.2,73,0.8,880,-4.4,0.0,0.0,0.7,Winter,Holiday,True
6,2017-12-22,114,6,-0.1,71,0.8,895,-4.7,0.0,0.0,0.7,Winter,Holiday,True
7,2017-12-22,283,7,-0.3,72,0.7,919,-4.7,0.0,0.0,0.7,Winter,Holiday,True
8,2017-12-22,544,8,-0.4,69,0.5,904,-5.4,0.0,0.0,0.7,Winter,Holiday,True
9,2017-12-22,298,9,0.3,67,0.7,897,-5.1,0.03,0.0,0.6,Winter,Holiday,True
10,2017-12-22,248,10,1.4,64,1.0,897,-4.6,0.25,0.0,0.5,Winter,Holiday,True
11,2017-12-22,278,11,3.1,57,0.8,804,-4.6,0.63,0.0,0.0,Winter,Holiday,True
12,2017-12-22,301,12,4.5,56,0.8,836,-3.5,0.71,0.0,0.0,Winter,Holiday,True
13,2017-12-22,320,13,5.4,55,1.2,820,-2.9,0.66,0.0,0.0,Winter,Holiday,True
14,2017-12-22,326,14,5.9,55,0.6,779,-2.4,0.48,0.0,0.0,Winter,Holiday,True
15,2017-12-22,386,15,6.5,55,0.9,801,-1.9,0.38,0.0,0.0,Winter,Holiday,True
16,2017-12-22,416,16,6.0,58,0.7,732,-1.6,0.19,0.0,0.0,Winter,Holiday,True
17,2017-12-22,477,17,5.4,61,1.3,691,-1.5,0.08,0.0,0.0,Winter,Holiday,True
18,2017-12-22,671,18,4.9,63,0.6,677,-1.5,0.0,0.0,0.0,Winter,Holiday,True
19,2017-12-22,481,19,5.2,64,0.7,691,-1.0,0.0,0.0,0.0,Winter,Holiday,True
20,2017-12-22,323,20,5.9,67,1.3,779,0.2,0.0,0.0,0.0,Winter,Holiday,True
21,2017-12-22,309,21,6.1,70,2.2,763,1.0,0.0,0.0,0.0,Winter,Holiday,True
22,2017-12-22,314,22,6.1,70,2.7,806,1.0,0.0,0.0,0.0,Winter,Holiday,True
23,2017-12-22,249,23,5.8,74,2.5,832,1.5,0.0,0.0,0.0,Winter,Holiday,True
24,2017-12-24,266,0,5.6,78,0.6,196,2.0,0.0,0.0,0.0,Winter,Holiday,True
25,2017-12-24,251,1,5.6,78,0.5,197,2.0,0.0,0.0,0.0,Winter,Holiday,True
26,2017-12-24,196,2,5.4,80,0.9,190,2.2,0.0,0.0,0.0,Winter,Holiday,True
27,2017-12-24,149,3,5.2,82,0.8,190,2.3,0.0,0.0,0.0,Winter,Holiday,True
28,2017-12-24,79,4,5.2,82,0.7,189,2.3,0.0,0.0,0.0,Winter,Holiday,True
29,2017-12-24,44,5,5.1,82,0.6,185,2.2,0.0,0.0,0.0,Winter,Holiday,True
30,2017-12-24,12,6,4.9,84,1.3,159,2.4,0.0,0.1,0.0,Winter,Holiday,True
31,2017-12-24,3,7,4.7,89,1.1,100,3.0,0.0,0.0,0.0,Winter,Holiday,True
32,2017-12-24,4,8,4.6,91,1.7,95,3.2,0.0,0.0,0.0,Winter,Holiday,True
33,2017-12-24,3,9,4.6,94,0.9,90,3.7,0.0,6.4,0.0,Winter,Holiday,True
34,2017-12-24,4,10,4.8,96,0.6,87,4.2,0.04,0.0,0.0,Winter,Holiday,True
35,2017-12-24,9,11,4.6,95,0.8,156,3.8,0.05,0.0,0.0,Winter,Holiday,True
36,2017-12-24,4,12,4.1,91,0.8,404,2.7,0.07,9.5,0.0,Winter,Holiday,True
37,2017-12-24,7,13,3.7,90,0.7,744,2.2,0.15,0.0,0.0,Winter,Holiday,True
38,2017-12-24,28,14,3.3,90,2.5,561,1.8,0.19,0.0,0.0,Winter,Holiday,True
39,2017-12-24,38,15,2.9,90,2.0,380,1.4,0.08,3.5,0.0,Winter,Holiday,True
40,2017-12-24,54,16,2.3,91,3.3,270,0.9,0.07,0.0,0.0,Winter,Holiday,True
41,2017-12-24,104,17,2.2,86,2.6,605,0.0,0.04,0.0,0.0,Winter,Holiday,True
42,2017-12-24,128,18,1.9,82,4.3,699,-0.8,0.01,0.5,0.0,Winter,Holiday,True
43,2017-12-24,132,19,1.1,68,4.4,695,-4.1,0.0,0.0,0.0,Winter,Holiday,True
44,2017-12-24,116,20,0.6,67,3.3,506,-4.8,0.0,0.0,0.0,Winter,Holiday,True
45,2017-12-24,145,21,0.4,69,3.5,477,-4.6,0.0,0.0,0.0,Winter,Holiday,True
46,2017-12-24,110,22,0.2,69,2.7,565,-4.8,0.0,0.0,0.0,Winter,Holiday,True
47,2017-12-24,128,23,0.0,63,3.2,884,-6.2,0.0,0.0,0.0,Winter,Holiday,True
48,2017-12-25,160,0,-0.6,64,2.4,1010,-6.5,0.0,0.0,0.0,Winter,Holiday,True
49,2017-12-25,132,1,-1.2,57,4.3,1429,-8.6,0.0,0.0,0.0,Winter,Holiday,True
50,2017-12-25,115,2,-1.8,53,4.1,1825,-10.1,0.0,0.0,0.0,Winter,Holiday,True
51,2017-12-25,100,3,-2.3,52,3.4,1947,-10.8,0.0,0.0,0.0,Winter,Holiday,True
52,2017-12-25,72,4,-3.0,51,3.2,2000,-11.7,0.0,0.0,0.0,Winter,Holiday,True
53,2017-12-25,32,5,-3.7,51,2.6,2000,-12.3,0.0,0.0,0.0,Winter,Holiday,True
54,2017-12-25,59,6,-4.1,50,3.0,2000,-13.0,0.0,0.0,0.0,Winter,Holiday,True
55,2017-12-25,61,7,-4.6,46,2.8,2000,-14.4,0.0,0.0,0.0,Winter,Holiday,True
56,2017-12-25,94,8,-4.9,44,3.0,2000,-15.3,0.0,0.0,0.0,Winter,Holiday,True
57,2017-12-25,107,9,-4.6,40,3.5,2000,-16.1,0.18,0.0,0.0,Winter,Holiday,True
58,2017-12-25,133,10,-3.7,35,3.7,1937,-16.9,0.57,0.0,0.0,Winter,Holiday,True
59,2017-12-25,179,11,-2.8,35,2.9,1984,-16.1,0.87,0.0,0.0,Winter,Holiday,True
60,2017-12-25,221,12,-1.6,33,2.5,1874,-15.8,1.18,0.0,0.0,Winter,Holiday,True
61,2017-12-25,244,13,-1.5,33,3.8,2000,-15.7,1.18,0.0,0.0,Winter,Holiday,True
62,2017-12-25,274,14,-0.4,31,2.0,2000,-15.5,1.1,0.0,0.0,Winter,Holiday,True
63,2017-12-25,319,15,0.4,28,2.5,2000,-16.0,0.9,0.0,0.0,Winter,Holiday,True
64,2017-12-25,272,16,0.4,27,2.0,2000,-16.4,0.58,0.0,0.0,Winter,Holiday,True
65,2017-12-25,260,17,-0.7,29,2.0,2000,-16.5,0.21,0.0,0.0,Winter,Holiday,True
66,2017-12-25,237,18,-1.6,33,2.0,2000,-15.8,0.0,0.0,0.0,Winter,Holiday,True
67,2017-12-25,184,19,-1.8,41,2.1,2000,-13.3,0.0,0.0,0.0,Winter,Holiday,True
68,2017-12-25,181,20,-2.1,49,1.7,2000,-11.4,0.0,0.0,0.0,Winter,Holiday,True
69,2017-12-25,185,21,-1.7,51,1.7,2000,-10.5,0.0,0.0,0.0,Winter,Holiday,True
70,2017-12-25,176,22,-1.3,53,1.7,2000,-9.6,0.0,0.0,0.0,Winter,Holiday,True
71,2017-12-25,169,23,-1.0,55,1.9,2000,-8.9,0.0,0.0,0.0,Winter,Holiday,True
72,2017-12-31,43,0,0.9,95,1.8,63,0.1,0.0,0.2,0.2,Winter,Holiday,True
73,2017-12-31,43,1,0.5,95,2.1,79,-0.2,0.0,0.0,0.6,Winter,Holiday,True
74,2017-12-31,65,2,0.4,95,1.7,110,-0.3,0.0,0.0,1.2,Winter,Holiday,True
75,2017-12-31,65,3,0.3,91,2.0,172,-1.0,0.0,1.0,1.2,Winter,Holiday,True
76,2017-12-31,32,4,-0.2,87,3.5,246,-2.1,0.0,0.0,1.2,Winter,Holiday,True
77,2017-12-31,22,5,-0.8,85,2.8,329,-3.0,0.0,0.0,1.2,Winter,Holiday,True
78,2017-12-31,25,6,-1.3,84,2.4,425,-3.6,0.0,0.0,1.2,Winter,Holiday,True
79,2017-12-31,39,7,-1.8,86,1.7,367,-3.8,0.0,0.0,1.2,Winter,Holiday,True
80,2017-12-31,84,8,-2.1,86,1.4,354,-4.1,0.0,0.0,1.2,Winter,Holiday,True
81,2017-12-31,103,9,-1.9,82,1.6,410,-4.5,0.15,0.0,1.2,Winter,Holiday,True
82,2017-12-31,110,10,-0.5,73,1.7,609,-4.7,0.53,0.0,1.1,Winter,Holiday,True
83,2017-12-31,142,11,0.8,62,2.8,801,-5.6,0.88,0.0,1.1,Winter,Holiday,True
84,2017-12-31,209,12,1.4,47,4.5,1388,-8.7,1.1,0.0,1.0,Winter,Holiday,True
85,2017-12-31,267,13,2.5,36,3.7,1578,-11.0,1.15,0.0,0.7,Winter,Holiday,True
86,2017-12-31,262,14,3.0,28,3.8,1956,-13.7,1.1,0.0,0.0,Winter,Holiday,True
87,2017-12-31,300,15,3.1,25,3.9,2000,-15.0,0.9,0.0,0.0,Winter,Holiday,True
88,2017-12-31,272,16,2.7,26,2.7,2000,-14.9,0.59,0.0,0.0,Winter,Holiday,True
89,2017-12-31,240,17,1.7,30,2.9,2000,-14.0,0.22,0.0,0.0,Winter,Holiday,True
90,2017-12-31,215,18,0.7,31,2.3,2000,-14.5,0.01,0.0,0.0,Winter,Holiday,True
91,2017-12-31,163,19,0.0,31,2.2,2000,-15.1,0.0,0.0,0.0,Winter,Holiday,True
92,2017-12-31,161,20,-1.0,32,0.9,2000,-15.6,0.0,0.0,0.0,Winter,Holiday,True
93,2017-12-31,179,21,-1.6,35,1.0,2000,-15.1,0.0,0.0,0.0,Winter,Holiday,True
94,2017-12-31,155,22,-2.1,36,1.7,2000,-15.2,0.0,0.0,0.0,Winter,Holiday,True
95,2017-12-31,227,23,-2.6,40,0.6,2000,-14.3,0.0,0.0,0.0,Winter,Holiday,True
96,2018-01-01,206,0,-3.2,40,0.5,1358,-14.9,0.0,0.0,0.0,Winter,Holiday,True
97,2018-01-01,230,1,-3.3,41,0.7,2000,-14.7,0.0,0.0,0.0,Winter,Holiday,True
98,2018-01-01,178,2,-3.7,42,0.9,2000,-14.7,0.0,0.0,0.0,Winter,Holiday,True
99,2018-01-01,119,3,-4.0,44,1.0,2000,-14.4,0.0,0.0,0.0,Winter,Holiday,True
100,2018-01-01,62,4,-4.2,53,1.1,1994,-12.3,0.0,0.0,0.0,Winter,Holiday,True
101,2018-01-01,61,5,-4.4,54,0.8,1786,-12.3,0.0,0.0,0.0,Winter,Holiday,True
102,2018-01-01,65,6,-4.5,51,1.1,2000,-13.1,0.0,0.0,0.0,Winter,Holiday,True
103,2018-01-01,81,7,-4.7,56,1.1,2000,-12.1,0.0,0.0,0.0,Winter,Holiday,True
104,2018-01-01,89,8,-5.0,55,1.0,2000,-12.6,0.0,0.0,0.0,Winter,Holiday,True
105,2018-01-01,121,9,-4.3,39,0.7,1973,-16.2,0.15,0.0,0.0,Winter,Holiday,True
106,2018-01-01,139,10,-1.6,32,0.8,1766,-16.1,0.53,0.0,0.0,Winter,Holiday,True
107,2018-01-01,169,11,0.1,27,2.2,1874,-16.7,0.84,0.0,0.0,Winter,Holiday,True
108,2018-01-01,225,12,1.5,20,2.8,1992,-19.0,1.03,0.0,0.0,Winter,Holiday,True
109,2018-01-01,248,13,2.4,22,2.3,1921,-17.2,1.1,0.0,0.0,Winter,Holiday,True
110,2018-01-01,298,14,3.7,24,2.1,1906,-15.0,1.01,0.0,0.0,Winter,Holiday,True
111,2018-01-01,344,15,3.0,27,2.9,1715,-14.2,0.78,0.0,0.0,Winter,Holiday,True
112,2018-01-01,310,16,3.0,28,2.5,1864,-13.7,0.51,0.0,0.0,Winter,Holiday,True
113,2018-01-01,271,17,1.8,33,3.3,1913,-12.8,0.18,0.0,0.0,Winter,Holiday,True
114,2018-01-01,218,18,0.8,34,1.9,1887,-13.3,0.01,0.0,0.0,Winter,Holiday,True
115,2018-01-01,125,19,-0.1,39,1.3,1911,-12.4,0.0,0.0,0.0,Winter,Holiday,True
116,2018-01-01,206,20,-0.3,40,1.2,1936,-12.2,0.0,0.0,0.0,Winter,Holiday,True
117,2018-01-01,203,21,-0.9,44,1.2,1871,-11.6,0.0,0.0,0.0,Winter,Holiday,True
118,2018-01-01,168,22,-1.3,48,0.8,1927,-10.9,0.0,0.0,0.0,Winter,Holiday,True
119,2018-01-01,154,23,-1.6,51,0.7,1882,-10.4,0.0,0.0,0.0,Winter,Holiday,True
120,2018-02-15,126,0,-0.7,37,3.5,1716,-13.6,0.0,0.0,0.0,Winter,Holiday,True
121,2018-02-15,123,1,-1.1,38,2.8,1999,-13.6,0.0,0.0,0.0,Winter,Holiday,True
122,2018-02-15,112,2,-1.2,35,2.2,2000,-14.7,0.0,0.0,0.0,Winter,Holiday,True
123,2018-02-15,74,3,-1.4,34,2.1,2000,-15.2,0.0,0.0,0.0,Winter,Holiday,True
124,2018-02-15,58,4,-1.9,34,3.0,2000,-15.7,0.0,0.0,0.0,Winter,Holiday,True
125,2018-02-15,32,5,-2.4,33,3.1,2000,-16.5,0.0,0.0,0.0,Winter,Holiday,True
126,2018-02-15,39,6,-2.6,38,1.0,2000,-15.0,0.0,0.0,0.0,Winter,Holiday,True
127,2018-02-15,55,7,-3.0,40,0.9,2000,-14.7,0.0,0.0,0.0,Winter,Holiday,True
128,2018-02-15,112,8,-3.0,38,1.0,2000,-15.4,0.0,0.0,0.0,Winter,Holiday,True
129,2018-02-15,112,9,-3.5,30,1.5,1980,-18.6,0.0,0.0,0.0,Winter,Holiday,True
130,2018-02-15,127,10,-1.6,26,1.9,1980,-18.6,1.29,0.0,0.0,Winter,Holiday,True
131,2018-02-15,170,11,0.1,22,2.0,2000,-19.1,1.84,0.0,0.0,Winter,Holiday,True
132,2018-02-15,174,12,1.7,20,3.0,1983,-18.9,2.28,0.0,0.0,Winter,Holiday,True
133,2018-02-15,240,13,2.2,18,3.4,1942,-19.7,2.3,0.0,0.0,Winter,Holiday,True
134,2018-02-15,270,14,2.9,14,4.3,2000,-22.0,2.29,0.0,0.0,Winter,Holiday,True
135,2018-02-15,276,15,3.8,17,3.2,2000,-19.0,1.97,0.0,0.0,Winter,Holiday,True
136,2018-02-15,273,16,3.2,16,3.0,2000,-20.2,1.45,0.0,0.0,Winter,Holiday,True
137,2018-02-15,236,17,2.4,17,3.1,1990,-20.2,0.78,0.0,0.0,Winter,Holiday,True
138,2018-02-15,190,18,1.1,18,2.5,2000,-20.6,0.2,0.0,0.0,Winter,Holiday,True
139,2018-02-15,166,19,0.1,21,2.9,2000,-19.7,0.0,0.0,0.0,Winter,Holiday,True
140,2018-02-15,148,20,-0.4,27,2.2,2000,-17.1,0.0,0.0,0.0,Winter,Holiday,True
141,2018-02-15,134,21,-1.1,32,2.4,2000,-15.7,0.0,0.0,0.0,Winter,Holiday,True
142,2018-02-15,145,22,-1.9,30,0.8,2000,-17.2,0.0,0.0,0.0,Winter,Holiday,True
143,2018-02-15,92,23,-2.5,31,1.4,1996,-17.3,0.0,0.0,0.0,Winter,Holiday,True
144,2018-02-16,105,0,-3.3,35,1.8,1977,-16.6,0.0,0.0,0.0,Winter,Holiday,True
145,2018-02-16,77,1,-3.6,35,2.0,1943,-16.8,0.0,0.0,0.0,Winter,Holiday,True
146,2018-02-16,47,2,-4.1,38,1.2,1996,-16.3,0.0,0.0,0.0,Winter,Holiday,True
147,2018-02-16,36,3,-4.4,37,1.7,1989,-16.9,0.0,0.0,0.0,Winter,Holiday,True
148,2018-02-16,35,4,-4.5,42,1.4,1944,-15.5,0.0,0.0,0.0,Winter,Holiday,True
149,2018-02-16,28,5,-5.0,44,0.9,1976,-15.3,0.0,0.0,0.0,Winter,Holiday,True
150,2018-02-16,30,6,-5.2,42,0.7,1980,-16.1,0.0,0.0,0.0,Winter,Holiday,True
151,2018-02-16,49,7,-5.4,41,0.3,2000,-16.6,0.0,0.0,0.0,Winter,Holiday,True
152,2018-02-16,68,8,-5.4,38,0.7,2000,-17.5,0.04,0.0,0.0,Winter,Holiday,True
153,2018-02-16,48,9,-4.3,33,0.7,1923,-18.2,0.6,0.0,0.0,Winter,Holiday,True
154,2018-02-16,78,10,-1.3,32,1.5,1933,-15.9,1.24,0.0,0.0,Winter,Holiday,True
155,2018-02-16,93,11,1.0,25,1.4,1782,-16.8,1.7,0.0,0.0,Winter,Holiday,True
156,2018-02-16,137,12,2.2,19,1.4,1946,-19.1,2.01,0.0,0.0,Winter,Holiday,True
157,2018-02-16,169,13,3.5,17,3.2,1971,-19.3,2.2,0.0,0.0,Winter,Holiday,True
158,2018-02-16,196,14,4.2,18,3.3,1976,-18.0,2.25,0.0,0.0,Winter,Holiday,True
159,2018-02-16,243,15,4.0,26,3.5,2000,-13.8,1.75,0.0,0.0,Winter,Holiday,True
160,2018-02-16,189,16,3.3,38,3.8,1921,-9.6,1.33,0.0,0.0,Winter,Holiday,True
161,2018-02-16,210,17,2.5,48,4.2,1979,-7.4,0.76,0.0,0.0,Winter,Holiday,True
162,2018-02-16,165,18,1.4,56,3.2,1932,-6.4,0.22,0.0,0.0,Winter,Holiday,True
163,2018-02-16,126,19,0.6,59,2.3,1939,-6.5,0.0,0.0,0.0,Winter,Holiday,True
164,2018-02-16,150,20,0.2,61,1.9,1956,-6.4,0.0,0.0,0.0,Winter,Holiday,True
165,2018-02-16,114,21,0.1,67,2.5,1451,-5.3,0.0,0.0,0.0,Winter,Holiday,True
166,2018-02-16,116,22,-0.6,70,3.4,1204,-5.4,0.0,0.0,0.0,Winter,Holiday,True
167,2018-02-16,84,23,-2.0,51,3.2,1336,-10.8,0.0,0.0,0.0,Winter,Holiday,True
168,2018-02-17,79,0,-2.7,41,3.2,1695,-14.1,0.0,0.0,0.0,Winter,Holiday,True
169,2018-02-17,71,1,-3.1,36,3.5,2000,-16.0,0.0,0.0,0.0,Winter,Holiday,True
170,2018-02-17,56,2,-3.8,30,3.9,2000,-18.8,0.0,0.0,0.0,Winter,Holiday,True
171,2018-02-17,34,3,-4.5,28,3.0,2000,-20.3,0.0,0.0,0.0,Winter,Holiday,True
172,2018-02-17,20,4,-5.2,28,2.5,2000,-20.9,0.0,0.0,0.0,Winter,Holiday,True
173,2018-02-17,14,5,-5.7,31,2.3,1999,-20.1,0.0,0.0,0.0,Winter,Holiday,True
174,2018-02-17,39,6,-6.2,32,2.5,2000,-20.2,0.0,0.0,0.0,Winter,Holiday,True
175,2018-02-17,35,7,-6.8,32,1.6,2000,-20.7,0.0,0.0,0.0,Winter,Holiday,True
176,2018-02-17,80,8,-7.1,30,1.7,1991,-21.7,0.04,0.0,0.0,Winter,Holiday,True
177,2018-02-17,98,9,-6.5,26,2.4,1874,-22.8,0.64,0.0,0.0,Winter,Holiday,True
178,2018-02-17,103,10,-4.3,21,1.4,1908,-23.4,1.34,0.0,0.0,Winter,Holiday,True
179,2018-02-17,155,11,-2.8,19,2.6,1957,-23.2,1.91,0.0,0.0,Winter,Holiday,True
180,2018-02-17,183,12,-1.3,17,1.5,1998,-23.2,2.28,0.0,0.0,Winter,Holiday,True
181,2018-02-17,193,13,-0.4,15,2.4,1938,-23.9,2.46,0.0,0.0,Winter,Holiday,True
182,2018-02-17,258,14,-0.1,15,4.0,2000,-23.7,2.39,0.0,0.0,Winter,Holiday,True
183,2018-02-17,273,15,1.0,14,4.6,2000,-23.5,2.12,0.0,0.0,Winter,Holiday,True
184,2018-02-17,267,16,1.3,15,4.2,2000,-22.5,1.63,0.0,0.0,Winter,Holiday,True
185,2018-02-17,250,17,0.6,17,3.3,2000,-21.7,0.79,0.0,0.0,Winter,Holiday,True
186,2018-02-17,223,18,-0.3,17,1.9,2000,-22.4,0.2,0.0,0.0,Winter,Holiday,True
187,2018-02-17,169,19,-1.5,32,2.5,2000,-16.0,0.0,0.0,0.0,Winter,Holiday,True
188,2018-02-17,145,20,-2.1,38,2.0,2000,-14.5,0.0,0.0,0.0,Winter,Holiday,True
189,2018-02-17,133,21,-2.3,38,2.3,2000,-14.7,0.0,0.0,0.0,Winter,Holiday,True
190,2018-02-17,123,22,-2.7,42,2.2,2000,-13.8,0.0,0.0,0.0,Winter,Holiday,True
191,2018-02-17,117,23,-2.9,31,3.8,2000,-17.7,0.0,0.0,0.0,Winter,Holiday,True
192,2018-03-01,71,0,2.0,96,1.3,1894,1.4,0.0,2.0,0.0,Spring,Holiday,True
193,2018-03-01,147,1,2.1,97,0.2,859,1.6,0.0,0.0,0.0,Spring,Holiday,True
194,2018-03-01,180,2,2.0,97,1.0,580,1.5,0.0,0.0,0.0,Spring,Holiday,True
195,2018-03-01,92,3,1.6,97,2.3,469,1.1,0.0,0.1,0.0,Spring,Holiday,True
196,2018-03-01,28,4,1.6,97,1.1,636,1.1,0.0,0.0,0.0,Spring,Holiday,True
197,2018-03-01,11,5,2.2,97,2.9,362,1.7,0.0,0.0,0.0,Spring,Holiday,True
198,2018-03-01,33,6,3.0,96,2.7,303,2.4,0.0,0.4,0.0,Spring,Holiday,True
199,2018-03-01,61,7,2.6,89,4.3,320,0.9,0.0,0.0,0.0,Spring,Holiday,True
200,2018-03-01,148,8,1.5,80,3.2,1246,-1.5,0.04,0.0,0.0,Spring,Holiday,True
201,2018-03-01,160,9,0.1,78,4.9,615,-3.2,0.09,0.0,0.0,Spring,Holiday,True
202,2018-03-01,191,10,0.1,53,5.3,1022,-8.3,1.12,0.0,0.0,Spring,Holiday,True
203,2018-03-01,239,11,0.8,52,4.6,1035,-7.9,2.2,0.0,0.0,Spring,Holiday,True
204,2018-03-01,311,12,0.5,46,4.7,1172,-9.8,2.49,0.0,0.0,Spring,Holiday,True
205,2018-03-01,358,13,1.4,37,4.0,1681,-11.7,2.95,0.0,0.0,Spring,Holiday,True
206,2018-03-01,375,14,1.2,36,6.0,1430,-12.2,2.86,0.0,0.0,Spring,Holiday,True
207,2018-03-01,458,15,1.6,35,4.5,1567,-12.2,2.54,0.0,0.0,Spring,Holiday,True
208,2018-03-01,460,16,1.4,33,4.8,1480,-13.1,1.98,0.0,0.0,Spring,Holiday,True
209,2018-03-01,423,17,0.4,37,5.2,1366,-12.6,1.23,0.0,0.0,Spring,Holiday,True
210,2018-03-01,317,18,-0.8,40,4.7,1429,-12.7,0.43,0.0,0.0,Spring,Holiday,True
211,2018-03-01,231,19,-1.7,45,3.3,1375,-12.1,0.01,0.0,0.0,Spring,Holiday,True
212,2018-03-01,246,20,-2.2,49,3.5,1325,-11.4,0.0,0.0,0.0,Spring,Holiday,True
213,2018-03-01,212,21,-3.0,50,3.7,1301,-11.9,0.0,0.0,0.0,Spring,Holiday,True
214,2018-03-01,190,22,-3.6,52,3.7,1277,-12.0,0.0,0.0,0.0,Spring,Holiday,True
215,2018-03-01,190,23,-4.0,52,3.4,1272,-12.4,0.0,0.0,0.0,Spring,Holiday,True
216,2018-05-01,782,0,18.3,78,0.8,349,14.3,0.0,0.0,0.0,Spring,Holiday,True
217,2018-05-01,705,1,18.3,83,1.1,451,15.3,0.0,0.0,0.0,Spring,Holiday,True
218,2018-05-01,534,2,18.2,85,0.8,355,15.6,0.0,0.0,0.0,Spring,Holiday,True
219,2018-05-01,343,3,18.1,85,1.0,284,15.5,0.0,0.0,0.0,Spring,Holiday,True
220,2018-05-01,187,4,18.0,85,0.3,275,15.4,0.0,0.0,0.0,Spring,Holiday,True
221,2018-05-01,166,5,18.0,85,0.8,346,15.4,0.0,0.0,0.0,Spring,Holiday,True
222,2018-05-01,306,6,17.8,85,0.6,265,15.2,0.0,0.0,0.0,Spring,Holiday,True
223,2018-05-01,614,7,18.0,82,0.7,264,14.8,0.11,0.0,0.0,Spring,Holiday,True
224,2018-05-01,1067,8,18.8,76,0.6,301,14.4,0.36,0.0,0.0,Spring,Holiday,True
225,2018-05-01,1024,9,20.7,67,1.1,464,14.3,1.3,0.0,0.0,Spring,Holiday,True
226,2018-05-01,1002,10,22.2,61,1.2,531,14.3,1.72,0.0,0.0,Spring,Holiday,True
227,2018-05-01,1117,11,22.7,63,1.1,605,15.2,1.36,0.0,0.0,Spring,Holiday,True
228,2018-05-01,1315,12,22.1,67,2.7,462,15.6,0.81,0.0,0.0,Spring,Holiday,True
229,2018-05-01,1493,13,23.0,63,3.1,494,15.5,1.92,0.0,0.0,Spring,Holiday,True
230,2018-05-01,1536,14,23.0,64,2.8,520,15.8,1.59,0.0,0.0,Spring,Holiday,True
231,2018-05-01,1639,15,23.1,61,2.5,556,15.1,1.5,0.0,0.0,Spring,Holiday,True
232,2018-05-01,1759,16,22.6,63,3.1,551,15.1,0.88,0.0,0.0,Spring,Holiday,True
233,2018-05-01,1898,17,22.0,65,2.4,589,15.1,0.47,0.0,0.0,Spring,Holiday,True
234,2018-05-01,2082,18,21.6,67,2.0,584,15.2,0.24,0.0,0.0,Spring,Holiday,True
235,2018-05-01,1696,19,21.2,68,1.5,610,15.0,0.16,0.0,0.0,Spring,Holiday,True
236,2018-05-01,1656,20,20.6,72,1.3,587,15.3,0.0,0.0,0.0,Spring,Holiday,True
237,2018-05-01,1644,21,20.2,74,1.3,554,15.4,0.0,0.0,0.0,Spring,Holiday,True
238,2018-05-01,1400,22,19.9,75,0.8,516,15.3,0.0,0.0,0.0,Spring,Holiday,True
239,2018-05-01,855,23,19.8,73,0.9,442,14.8,0.0,0.0,0.0,Spring,Holiday,True
240,2018-05-22,957,0,16.0,71,0.5,1299,10.7,0.0,0.0,0.0,Spring,Holiday,True
241,2018-05-22,810,1,15.9,71,1.1,1312,10.6,0.0,0.0,0.0,Spring,Holiday,True
242,2018-05-22,590,2,15.7,74,1.0,1313,11.0,0.0,0.0,0.0,Spring,Holiday,True
243,2018-05-22,406,3,15.5,0,0.7,1420,10.4,0.0,0.0,0.0,Spring,Holiday,True
244,2018-05-22,248,4,15.6,0,0.5,1502,10.5,0.0,0.0,0.0,Spring,Holiday,True
245,2018-05-22,182,5,15.7,0,0.6,1610,10.6,0.0,0.0,0.0,Spring,Holiday,True
246,2018-05-22,277,6,15.5,0,0.5,1691,10.4,0.06,0.0,0.0,Spring,Holiday,True
247,2018-05-22,443,7,16.3,69,0.7,1750,10.5,0.34,0.0,0.0,Spring,Holiday,True
248,2018-05-22,694,8,18.2,63,0.8,1731,11.0,1.0,0.0,0.0,Spring,Holiday,True
249,2018-05-22,912,9,19.3,62,0.8,1894,11.8,1.14,0.0,0.0,Spring,Holiday,True
250,2018-05-22,1119,10,20.7,55,1.8,1698,11.3,1.43,0.0,0.0,Spring,Holiday,True
251,2018-05-22,1438,11,21.9,55,1.4,1820,12.4,1.87,0.0,0.0,Spring,Holiday,True
252,2018-05-22,1798,12,22.9,51,1.1,1591,12.2,1.8,0.0,0.0,Spring,Holiday,True
253,2018-05-22,2000,13,22.7,52,1.0,1399,12.3,0.94,0.0,0.0,Spring,Holiday,True
254,2018-05-22,1407,14,22.8,53,1.4,1630,12.7,0.98,0.0,0.0,Spring,Holiday,True
255,2018-05-22,163,15,21.1,72,2.7,663,15.8,0.31,0.1,0.0,Spring,Holiday,True
256,2018-05-22,86,16,19.5,80,1.2,553,15.9,0.53,0.4,0.0,Spring,Holiday,True
257,2018-05-22,50,17,18.6,84,1.8,499,15.8,0.28,1.0,0.0,Spring,Holiday,True
258,2018-05-22,30,18,17.9,93,1.2,258,16.7,0.13,2.0,0.0,Spring,Holiday,True
259,2018-05-22,45,19,17.6,93,0.3,331,16.4,0.06,1.5,0.0,Spring,Holiday,True
260,2018-05-22,30,20,17.2,85,1.4,467,14.6,0.0,0.5,0.0,Spring,Holiday,True
261,2018-05-22,58,21,17.0,85,1.1,597,14.4,0.0,0.5,0.0,Spring,Holiday,True
262,2018-05-22,29,22,16.8,87,0.6,447,14.6,0.0,0.5,0.0,Spring,Holiday,True
263,2018-05-22,18,23,16.3,96,1.1,198,15.6,0.0,2.5,0.0,Spring,Holiday,True
264,2018-06-06,1268,0,21.2,60,0.9,1789,13.1,0.0,0.0,0.0,Summer,Holiday,True
265,2018-06-06,1031,1,20.6,63,0.6,1670,13.3,0.0,0.0,0.0,Summer,Holiday,True
266,2018-06-06,792,2,20.1,65,1.0,1435,13.3,0.0,0.0,0.0,Summer,Holiday,True
267,2018-06-06,562,3,19.6,68,1.7,1260,13.5,0.0,0.0,0.0,Summer,Holiday,True
268,2018-06-06,332,4,19.2,68,0.8,1181,13.1,0.0,0.0,0.0,Summer,Holiday,True
269,2018-06-06,218,5,18.7,73,1.4,1065,13.7,0.0,0.0,0.0,Summer,Holiday,True
270,2018-06-06,351,6,18.5,73,1.1,1028,13.5,0.06,0.0,0.0,Summer,Holiday,True
271,2018-06-06,536,7,19.3,63,0.7,916,12.0,0.46,0.0,0.0,Summer,Holiday,True
272,2018-06-06,799,8,21.2,59,1.2,794,12.8,1.13,0.0,0.0,Summer,Holiday,True
273,2018-06-06,925,9,22.9,56,2.3,763,13.6,1.74,0.0,0.0,Summer,Holiday,True
274,2018-06-06,1087,10,24.3,53,2.9,949,14.1,2.37,0.0,0.0,Summer,Holiday,True
275,2018-06-06,1152,11,25.8,52,2.1,905,15.1,2.84,0.0,0.0,Summer,Holiday,True
276,2018-06-06,1400,12,27.3,51,2.8,703,16.2,3.16,0.0,0.0,Summer,Holiday,True
277,2018-06-06,1444,13,27.3,52,3.1,613,16.5,3.21,0.0,0.0,Summer,Holiday,True
278,2018-06-06,1603,14,27.4,50,3.5,615,16.0,3.01,0.0,0.0,Summer,Holiday,True
279,2018-06-06,1674,15,27.6,49,3.7,656,15.9,2.79,0.0,0.0,Summer,Holiday,True
280,2018-06-06,1940,16,27.9,47,2.8,824,15.5,2.36,0.0,0.0,Summer,Holiday,True
281,2018-06-06,2104,17,27.4,48,2.7,1084,15.4,1.8,0.0,0.0,Summer,Holiday,True
282,2018-06-06,2162,18,26.6,52,2.5,1368,15.9,1.09,0.0,0.0,Summer,Holiday,True
283,2018-06-06,2163,19,24.9,56,3.1,1469,15.5,0.51,0.0,0.0,Summer,Holiday,True
284,2018-06-06,2145,20,23.4,64,1.8,1144,16.1,0.07,0.0,0.0,Summer,Holiday,True
285,2018-06-06,1935,21,22.1,72,2.5,923,16.8,0.0,0.0,0.0,Summer,Holiday,True
286,2018-06-06,1624,22,20.8,78,1.8,763,16.8,0.0,0.0,0.0,Summer,Holiday,True
287,2018-06-06,1251,23,20.1,77,3.1,797,15.9,0.0,0.0,0.0,Summer,Holiday,True
288,2018-08-15,1034,0,30.0,67,0.8,1986,23.1,0.0,0.0,0.0,Summer,Holiday,True
289,2018-08-15,850,1,29.6,69,0.4,1942,23.3,0.0,0.0,0.0,Summer,Holiday,True
290,2018-08-15,676,2,29.5,68,0.4,1949,22.9,0.0,0.0,0.0,Summer,Holiday,True
291,2018-08-15,474,3,29.1,70,0.3,1952,23.0,0.0,0.0,0.0,Summer,Holiday,True
292,2018-08-15,310,4,28.8,73,0.5,1835,23.4,0.0,0.0,0.0,Summer,Holiday,True
293,2018-08-15,227,5,28.6,73,0.8,1808,23.2,0.0,0.0,0.0,Summer,Holiday,True
294,2018-08-15,346,6,28.4,74,1.0,1700,23.3,0.0,0.0,0.0,Summer,Holiday,True
295,2018-08-15,429,7,28.6,71,0.6,1797,22.8,0.17,0.0,0.0,Summer,Holiday,True
296,2018-08-15,553,8,29.9,60,0.8,1772,21.2,0.83,0.0,0.0,Summer,Holiday,True
297,2018-08-15,563,9,32.0,53,1.6,2000,21.2,1.56,0.0,0.0,Summer,Holiday,True
298,2018-08-15,547,10,33.5,49,1.0,1937,21.3,2.09,0.0,0.0,Summer,Holiday,True
299,2018-08-15,586,11,35.4,44,1.2,1887,21.2,2.58,0.0,0.0,Summer,Holiday,True
300,2018-08-15,563,12,36.5,41,1.1,1807,21.1,2.73,0.0,0.0,Summer,Holiday,True
301,2018-08-15,591,13,36.9,39,1.5,2000,20.6,2.46,0.0,0.0,Summer,Holiday,True
302,2018-08-15,627,14,37.2,38,0.9,1976,20.5,1.96,0.0,0.0,Summer,Holiday,True
303,2018-08-15,761,15,37.4,38,1.4,2000,20.6,1.72,0.0,0.0,Summer,Holiday,True
304,2018-08-15,877,16,36.6,39,0.7,2000,20.3,0.44,0.0,0.0,Summer,Holiday,True
305,2018-08-15,960,17,33.6,55,3.9,1929,23.3,0.86,0.0,0.0,Summer,Holiday,True
306,2018-08-15,925,18,32.8,63,2.3,1546,24.8,0.89,0.1,0.0,Summer,Holiday,True
307,2018-08-15,1301,19,28.7,76,0.7,2000,24.0,0.11,0.9,0.0,Summer,Holiday,True
308,2018-08-15,1500,20,28.4,69,1.5,2000,22.1,0.01,0.0,0.0,Summer,Holiday,True
309,2018-08-15,1507,21,28.6,69,1.3,2000,22.3,0.0,0.0,0.0,Summer,Holiday,True
310,2018-08-15,1350,22,28.6,67,1.0,2000,21.8,0.0,0.0,0.0,Summer,Holiday,True
311,2018-08-15,1008,23,28.5,69,1.1,2000,22.2,0.0,0.0,0.0,Summer,Holiday,True
312,2018-09-23,880,0,17.2,69,0.6,2000,11.4,0.0,0.0,0.0,Autumn,Holiday,True
313,2018-09-23,644,1,16.4,66,0.1,2000,10.0,0.0,0.0,0.0,Autumn,Holiday,True
314,2018-09-23,489,2,16.0,72,1.3,2000,10.9,0.0,0.0,0.0,Autumn,Holiday,True
315,2018-09-23,334,3,15.8,70,0.8,2000,10.3,0.0,0.0,0.0,Autumn,Holiday,True
316,2018-09-23,202,4,16.2,69,0.7,2000,10.4,0.0,0.0,0.0,Autumn,Holiday,True
317,2018-09-23,106,5,16.3,67,0.8,2000,10.1,0.0,0.0,0.0,Autumn,Holiday,True
318,2018-09-23,144,6,16.5,73,1.2,2000,11.6,0.0,0.0,0.0,Autumn,Holiday,True
319,2018-09-23,261,7,16.5,74,0.4,2000,11.8,0.0,0.0,0.0,Autumn,Holiday,True
320,2018-09-23,439,8,17.0,69,1.2,2000,11.2,0.3,0.0,0.0,Autumn,Holiday,True
321,2018-09-23,534,9,18.4,59,1.0,1951,10.2,0.86,0.0,0.0,Autumn,Holiday,True
322,2018-09-23,620,10,19.3,59,0.2,2000,11.0,0.94,0.0,0.0,Autumn,Holiday,True
323,2018-09-23,764,11,20.1,57,3.0,1929,11.3,1.29,0.0,0.0,Autumn,Holiday,True
324,2018-09-23,915,12,20.8,52,1.2,1984,10.5,1.25,0.0,0.0,Autumn,Holiday,True
325,2018-09-23,1031,13,22.7,44,1.4,1913,9.8,1.77,0.0,0.0,Autumn,Holiday,True
326,2018-09-23,1136,14,24.2,40,1.2,1953,9.7,2.62,0.0,0.0,Autumn,Holiday,True
327,2018-09-23,1366,15,25.0,28,2.2,2000,5.2,2.39,0.0,0.0,Autumn,Holiday,True
328,2018-09-23,1502,16,24.6,29,4.0,1988,5.3,1.73,0.0,0.0,Autumn,Holiday,True
329,2018-09-23,1591,17,24.1,41,2.4,2000,10.0,1.17,0.0,0.0,Autumn,Holiday,True
330,2018-09-23,1492,18,22.3,53,2.7,2000,12.2,0.44,0.0,0.0,Autumn,Holiday,True
331,2018-09-23,1333,19,21.0,54,2.9,2000,11.3,0.01,0.0,0.0,Autumn,Holiday,True
332,2018-09-23,1287,20,20.2,48,3.3,2000,8.8,0.0,0.0,0.0,Autumn,Holiday,True
333,2018-09-23,1148,21,19.1,38,2.1,2000,4.4,0.0,0.0,0.0,Autumn,Holiday,True
334,2018-09-23,1074,22,18.5,40,2.5,2000,4.6,0.0,0.0,0.0,Autumn,Holiday,True
335,2018-09-23,768,23,17.7,45,1.1,2000,5.6,0.0,0.0,0.0,Autumn,Holiday,True
336,2018-09-24,620,0,17.2,50,1.7,2000,6.6,0.0,0.0,0.0,Autumn,Holiday,True
337,2018-09-24,426,1,16.8,53,2.0,2000,7.1,0.0,0.0,0.0,Autumn,Holiday,True
338,2018-09-24,302,2,16.1,57,0.7,2000,7.5,0.0,0.0,0.0,Autumn,Holiday,True
339,2018-09-24,216,3,15.5,63,0.3,2000,8.4,0.0,0.0,0.0,Autumn,Holiday,True
340,2018-09-24,141,4,14.9,68,0.9,2000,9.0,0.0,0.0,0.0,Autumn,Holiday,True
341,2018-09-24,105,5,14.4,66,0.3,2000,8.1,0.0,0.0,0.0,Autumn,Holiday,True
342,2018-09-24,141,6,14.3,66,0.5,2000,8.0,0.0,0.0,0.0,Autumn,Holiday,True
343,2018-09-24,205,7,14.7,61,2.1,2000,7.2,0.02,0.0,0.0,Autumn,Holiday,True
344,2018-09-24,296,8,15.4,52,2.2,1985,5.5,0.49,0.0,0.0,Autumn,Holiday,True
345,2018-09-24,310,9,17.0,43,2.1,1993,4.3,1.36,0.0,0.0,Autumn,Holiday,True
346,2018-09-24,426,10,18.5,38,3.3,2000,3.8,2.02,0.0,0.0,Autumn,Holiday,True
347,2018-09-24,588,11,19.4,31,4.1,1966,1.8,2.55,0.0,0.0,Autumn,Holiday,True
348,2018-09-24,754,12,20.3,34,2.6,2000,3.9,2.85,0.0,0.0,Autumn,Holiday,True
349,2018-09-24,885,13,20.9,30,3.5,2000,2.6,2.93,0.0,0.0,Autumn,Holiday,True
350,2018-09-24,1099,14,21.3,30,4.3,2000,3.0,2.78,0.0,0.0,Autumn,Holiday,True
351,2018-09-24,1273,15,21.8,32,3.3,2000,4.3,2.42,0.0,0.0,Autumn,Holiday,True
352,2018-09-24,1433,16,22.0,31,2.7,2000,4.0,1.87,0.0,0.0,Autumn,Holiday,True
353,2018-09-24,1442,17,21.6,32,3.1,2000,4.1,1.2,0.0,0.0,Autumn,Holiday,True
354,2018-09-24,1237,18,20.3,35,2.4,2000,4.3,0.46,0.0,0.0,Autumn,Holiday,True
355,2018-09-24,1280,19,18.6,54,2.7,2000,9.0,0.01,0.0,0.0,Autumn,Holiday,True
356,2018-09-24,1227,20,17.6,57,1.4,2000,8.9,0.0,0.0,0.0,Autumn,Holiday,True
357,2018-09-24,1145,21,16.8,58,1.2,2000,8.4,0.0,0.0,0.0,Autumn,Holiday,True
358,2018-09-24,958,22,16.6,47,3.9,2000,5.2,0.0,0.0,0.0,Autumn,Holiday,True
359,2018-09-24,750,23,15.7,51,0.4,2000,5.5,0.0,0.0,0.0,Autumn,Holiday,True
360,2018-09-25,558,0,14.7,55,1.6,2000,5.7,0.0,0.0,0.0,Autumn,Holiday,True
361,2018-09-25,408,1,13.8,60,0.8,2000,6.1,0.0,0.0,0.0,Autumn,Holiday,True
362,2018-09-25,292,2,13.4,62,0.2,2000,6.2,0.0,0.0,0.0,Autumn,Holiday,True
363,2018-09-25,222,3,12.7,67,0.5,2000,6.7,0.0,0.0,0.0,Autumn,Holiday,True
364,2018-09-25,157,4,12.0,69,0.5,2000,6.4,0.0,0.0,0.0,Autumn,Holiday,True
365,2018-09-25,105,5,11.5,70,0.5,2000,6.2,0.0,0.0,0.0,Autumn,Holiday,True
366,2018-09-25,132,6,11.2,70,0.9,2000,5.9,0.0,0.0,0.0,Autumn,Holiday,True
367,2018-09-25,262,7,10.8,72,0.9,2000,5.9,0.03,0.0,0.0,Autumn,Holiday,True
368,2018-09-25,440,8,12.0,61,1.3,1988,4.6,0.6,0.0,0.0,Autumn,Holiday,True
369,2018-09-25,542,9,15.3,49,1.0,2000,4.6,1.34,0.0,0.0,Autumn,Holiday,True
370,2018-09-25,667,10,18.0,44,1.3,1984,5.5,1.99,0.0,0.0,Autumn,Holiday,True
371,2018-09-25,853,11,20.1,40,1.6,1985,6.0,2.47,0.0,0.0,Autumn,Holiday,True
372,2018-09-25,1045,12,21.7,36,2.0,2000,5.9,2.78,0.0,0.0,Autumn,Holiday,True
373,2018-09-25,1309,13,22.9,30,2.0,2000,4.3,2.9,0.0,0.0,Autumn,Holiday,True
374,2018-09-25,1522,14,23.7,28,1.4,2000,4.0,2.77,0.0,0.0,Autumn,Holiday,True
375,2018-09-25,1747,15,24.1,26,1.6,2000,3.3,2.38,0.0,0.0,Autumn,Holiday,True
376,2018-09-25,1955,16,24.2,28,1.7,2000,4.5,1.86,0.0,0.0,Autumn,Holiday,True
377,2018-09-25,2033,17,22.9,33,1.4,2000,5.7,0.83,0.0,0.0,Autumn,Holiday,True
378,2018-09-25,1885,18,21.6,37,1.0,2000,6.2,0.24,0.0,0.0,Autumn,Holiday,True
379,2018-09-25,1608,19,20.3,39,0.6,2000,5.8,0.0,0.0,0.0,Autumn,Holiday,True
380,2018-09-25,1583,20,19.3,45,0.4,2000,7.0,0.0,0.0,0.0,Autumn,Holiday,True
381,2018-09-25,1565,21,18.5,48,1.0,2000,7.2,0.0,0.0,0.0,Autumn,Holiday,True
382,2018-09-25,1418,22,17.7,52,1.0,2000,7.7,0.0,0.0,0.0,Autumn,Holiday,True
383,2018-09-25,1042,23,17.4,49,1.2,2000,6.5,0.0,0.0,0.0,Autumn,Holiday,True
384,2018-10-03,1040,0,14.5,74,0.4,2000,9.9,0.0,0.0,0.0,Autumn,Holiday,True
385,2018-10-03,882,1,13.8,75,0.5,2000,9.4,0.0,0.0,0.0,Autumn,Holiday,True
386,2018-10-03,685,2,13.2,77,1.2,1972,9.2,0.0,0.0,0.0,Autumn,Holiday,True
387,2018-10-03,497,3,12.6,78,0.6,1907,8.8,0.0,0.0,0.0,Autumn,Holiday,True
388,2018-10-03,284,4,12.1,80,1.2,1834,8.7,0.0,0.0,0.0,Autumn,Holiday,True
389,2018-10-03,173,5,11.8,82,1.1,1878,8.8,0.0,0.0,0.0,Autumn,Holiday,True
390,2018-10-03,278,6,11.4,84,0.3,1742,8.7,0.0,0.0,0.0,Autumn,Holiday,True
391,2018-10-03,440,7,11.2,85,0.3,1593,8.7,0.02,0.0,0.0,Autumn,Holiday,True
392,2018-10-03,762,8,11.8,73,1.0,1649,7.1,0.49,0.0,0.0,Autumn,Holiday,True
393,2018-10-03,966,9,14.4,61,0.7,1340,6.9,1.21,0.0,0.0,Autumn,Holiday,True
394,2018-10-03,1113,10,17.3,53,0.7,1406,7.6,1.83,0.0,0.0,Autumn,Holiday,True
395,2018-10-03,1248,11,20.3,46,1.6,1409,8.2,2.29,0.0,0.0,Autumn,Holiday,True
396,2018-10-03,1634,12,21.4,40,1.4,1973,7.2,2.53,0.0,0.0,Autumn,Holiday,True
397,2018-10-03,1849,13,22.5,40,2.6,1854,8.2,2.64,0.0,0.0,Autumn,Holiday,True
398,2018-10-03,1995,14,23.4,35,1.6,1972,7.0,2.51,0.0,0.0,Autumn,Holiday,True
399,2018-10-03,2200,15,24.1,34,2.0,1996,7.2,2.14,0.0,0.0,Autumn,Holiday,True
400,2018-10-03,2112,16,24.0,34,2.7,2000,7.1,1.62,0.0,0.0,Autumn,Holiday,True
401,2018-10-03,2400,17,23.3,36,1.7,1960,7.3,0.95,0.0,0.0,Autumn,Holiday,True
402,2018-10-03,2235,18,21.5,43,1.8,2000,8.3,0.26,0.0,0.0,Autumn,Holiday,True
403,2018-10-03,1792,19,20.0,49,1.5,2000,8.9,0.0,0.0,0.0,Autumn,Holiday,True
404,2018-10-03,1744,20,18.6,55,1.5,2000,9.3,0.0,0.0,0.0,Autumn,Holiday,True
405,2018-10-03,1594,21,17.6,59,1.6,2000,9.4,0.0,0.0,0.0,Autumn,Holiday,True
406,2018-10-03,1393,22,16.9,63,0.2,2000,9.8,0.0,0.0,0.0,Autumn,Holiday,True
407,2018-10-03,1033,23,16.1,63,0.6,2000,9.0,0.0,0.0,0.0,Autumn,Holiday,True
408,2017-12-01,254,0,-5.2,37,2.2,2000,-17.6,0.0,0.0,0.0,Winter,No Holiday,True
409,2017-12-01,204,1,-5.5,38,0.8,2000,-17.6,0.0,0.0,0.0,Winter,No Holiday,True
410,2017-12-01,173,2,-6.0,39,1.0,2000,-17.7,0.0,0.0,0.0,Winter,No Holiday,True
411,2017-12-01,107,3,-6.2,40,0.9,2000,-17.6,0.0,0.0,0.0,Winter,No Holiday,True
412,2017-12-01,78,4,-6.0,36,2.3,2000,-18.6,0.0,0.0,0.0,Winter,No Holiday,True
413,2017-12-01,100,5,-6.4,37,1.5,2000,-18.7,0.0,0.0,0.0,Winter,No Holiday,True
414,2017-12-01,181,6,-6.6,35,1.3,2000,-19.5,0.0,0.0,0.0,Winter,No Holiday,True
415,2017-12-01,460,7,-7.4,38,0.9,2000,-19.3,0.0,0.0,0.0,Winter,No Holiday,True
416,2017-12-01,930,8,-7.6,37,1.1,2000,-19.8,0.01,0.0,0.0,Winter,No Holiday,True
417,2017-12-01,490,9,-6.5,27,0.5,1928,-22.4,0.23,0.0,0.0,Winter,No Holiday,True
418,2017-12-01,339,10,-3.5,24,1.2,1996,-21.2,0.65,0.0,0.0,Winter,No Holiday,True
419,2017-12-01,360,11,-0.5,21,1.3,1936,-20.2,0.94,0.0,0.0,Winter,No Holiday,True
420,2017-12-01,449,12,1.7,23,1.4,2000,-17.2,1.11,0.0,0.0,Winter,No Holiday,True
421,2017-12-01,451,13,2.4,25,1.6,2000,-15.6,1.16,0.0,0.0,Winter,No Holiday,True
422,2017-12-01,447,14,3.0,26,2.0,2000,-14.6,1.01,0.0,0.0,Winter,No Holiday,True
423,2017-12-01,463,15,2.1,36,3.2,2000,-11.4,0.54,0.0,0.0,Winter,No Holiday,True
424,2017-12-01,484,16,1.2,54,4.2,793,-7.0,0.24,0.0,0.0,Winter,No Holiday,True
425,2017-12-01,555,17,0.8,58,1.6,2000,-6.5,0.08,0.0,0.0,Winter,No Holiday,True
426,2017-12-01,862,18,0.6,66,1.4,2000,-5.0,0.0,0.0,0.0,Winter,No Holiday,True
427,2017-12-01,600,19,0.0,77,1.7,2000,-3.5,0.0,0.0,0.0,Winter,No Holiday,True
428,2017-12-01,426,20,-0.3,79,1.5,1913,-3.5,0.0,0.0,0.0,Winter,No Holiday,True
429,2017-12-01,405,21,-0.8,81,0.8,1687,-3.6,0.0,0.0,0.0,Winter,No Holiday,True
430,2017-12-01,398,22,-0.9,83,1.5,1380,-3.4,0.0,0.0,0.0,Winter,No Holiday,True
431,2017-12-01,323,23,-1.3,84,1.0,1265,-3.6,0.0,0.0,0.0,Winter,No Holiday,True
432,2017-12-02,328,0,-1.8,87,1.1,994,-3.6,0.0,0.0,0.0,Winter,No Holiday,True
433,2017-12-02,308,1,-2.2,86,0.6,990,-4.2,0.0,0.0,0.0,Winter,No Holiday,True
434,2017-12-02,262,2,-2.9,86,1.5,1256,-4.9,0.0,0.0,0.0,Winter,No Holiday,True
435,2017-12-02,167,3,-3.5,81,2.2,1221,-6.2,0.0,0.0,0.0,Winter,No Holiday,True
436,2017-12-02,89,4,-3.8,79,2.0,1167,-6.9,0.0,0.0,0.0,Winter,No Holiday,True
437,2017-12-02,79,5,-4.0,79,1.5,1202,-7.1,0.0,0.0,0.0,Winter,No Holiday,True
438,2017-12-02,70,6,-4.3,82,2.1,1178,-6.9,0.0,0.0,0.0,Winter,No Holiday,True
439,2017-12-02,146,7,-4.4,81,2.5,1276,-7.1,0.0,0.0,0.0,Winter,No Holiday,True
440,2017-12-02,219,8,-4.2,79,2.1,1436,-7.3,0.01,0.0,0.0,Winter,No Holiday,True
441,2017-12-02,328,9,-2.9,68,1.6,1487,-7.9,0.3,0.0,0.0,Winter,No Holiday,True
442,2017-12-02,334,10,-0.4,57,1.6,1309,-7.8,0.8,0.0,0.0,Winter,No Holiday,True
443,2017-12-02,388,11,1.9,49,1.8,1406,-7.7,1.0,0.0,0.0,Winter,No Holiday,True
444,2017-12-02,479,12,4.3,41,1.3,1666,-7.8,1.09,0.0,0.0,Winter,No Holiday,True
445,2017-12-02,606,13,6.0,36,1.8,1780,-7.9,1.12,0.0,0.0,Winter,No Holiday,True
446,2017-12-02,611,14,7.3,35,1.3,1955,-7.1,0.99,0.0,0.0,Winter,No Holiday,True
447,2017-12-02,589,15,7.6,41,2.3,1953,-4.8,0.74,0.0,0.0,Winter,No Holiday,True
448,2017-12-02,618,16,6.4,48,2.6,1945,-3.8,0.22,0.0,0.0,Winter,No Holiday,True
449,2017-12-02,572,17,6.0,51,2.5,1891,-3.3,0.06,0.0,0.0,Winter,No Holiday,True
450,2017-12-02,489,18,5.5,53,1.5,1697,-3.3,0.0,0.0,0.0,Winter,No Holiday,True
451,2017-12-02,385,19,5.0,52,2.3,1666,-4.0,0.0,0.0,0.0,Winter,No Holiday,True
452,2017-12-02,359,20,4.6,51,1.2,1585,-4.6,0.0,0.0,0.0,Winter,No Holiday,True
453,2017-12-02,377,21,4.1,55,1.2,1448,-4.1,0.0,0.0,0.0,Winter,No Holiday,True
454,2017-12-02,354,22,3.5,54,1.5,1446,-4.9,0.0,0.0,0.0,Winter,No Holiday,True
455,2017-12-02,366,23,4.0,56,1.0,1352,-4.0,0.0,0.0,0.0,Winter,No Holiday,True
456,2017-12-03,342,0,4.0,58,1.4,1296,-3.5,0.0,0.0,0.0,Winter,No Holiday,True
457,2017-12-03,227,1,3.9,69,1.7,485,-1.2,0.0,0.0,0.0,Winter,No Holiday,True
458,2017-12-03,228,2,3.3,79,1.4,830,0.0,0.0,0.0,0.0,Winter,No Holiday,True
459,2017-12-03,117,3,3.4,71,1.6,1011,-1.3,0.0,0.5,0.0,Winter,No Holiday,True
460,2017-12-03,76,4,3.5,73,1.0,1060,-0.8,0.0,0.0,0.0,Winter,No Holiday,True
461,2017-12-03,32,5,3.9,75,1.9,914,-0.1,0.0,0.0,0.0,Winter,No Holiday,True
462,2017-12-03,13,6,3.4,86,2.5,278,1.2,0.0,1.0,0.0,Winter,No Holiday,True
463,2017-12-03,22,7,3.1,91,1.2,129,1.7,0.0,0.0,0.0,Winter,No Holiday,True
464,2017-12-03,85,8,3.2,92,1.8,244,2.0,0.0,0.0,0.0,Winter,No Holiday,True
465,2017-12-03,152,9,3.5,91,1.8,231,2.1,0.02,2.5,0.0,Winter,No Holiday,True
466,2017-12-03,200,10,4.4,89,2.2,257,2.7,0.24,0.0,0.0,Winter,No Holiday,True
467,2017-12-03,273,11,5.1,87,1.4,321,3.1,0.25,0.0,0.0,Winter,No Holiday,True
468,2017-12-03,333,12,5.8,85,1.7,349,3.4,0.43,0.0,0.0,Winter,No Holiday,True
469,2017-12-03,495,13,6.8,81,1.9,390,3.7,0.6,0.0,0.0,Winter,No Holiday,True
470,2017-12-03,563,14,7.6,76,1.2,422,3.6,0.69,0.0,0.0,Winter,No Holiday,True
471,2017-12-03,621,15,8.0,73,1.6,433,3.4,0.53,0.0,0.0,Winter,No Holiday,True
472,2017-12-03,598,16,7.6,77,1.6,399,3.8,0.2,0.0,0.0,Winter,No Holiday,True
473,2017-12-03,545,17,6.7,82,1.5,358,3.8,0.05,0.0,0.0,Winter,No Holiday,True
474,2017-12-03,443,18,6.0,84,1.9,327,3.4,0.0,0.0,0.0,Winter,No Holiday,True
475,2017-12-03,422,19,5.7,85,1.7,309,3.3,0.0,0.0,0.0,Winter,No Holiday,True
476,2017-12-03,397,20,5.2,87,1.4,253,3.2,0.0,0.0,0.0,Winter,No Holiday,True
477,2017-12-03,385,21,4.7,87,1.2,247,2.7,0.0,0.0,0.0,Winter,No Holiday,True
478,2017-12-03,350,22,4.3,89,1.8,201,2.6,0.0,0.0,0.0,Winter,No Holiday,True
479,2017-12-03,303,23,3.9,90,1.3,194,2.4,0.0,0.0,0.0,Winter,No Holiday,True
480,2017-12-04,285,0,4.2,88,0.6,216,2.3,0.0,0.0,0.0,Winter,No Holiday,True
481,2017-12-04,186,1,4.3,87,0.5,221,2.3,0.0,0.0,0.0,Winter,No Holiday,True
482,2017-12-04,112,2,4.4,87,1.8,207,2.4,0.0,0.0,0.0,Winter,No Holiday,True
483,2017-12-04,65,3,3.6,85,2.3,206,1.3,0.0,0.0,0.0,Winter,No Holiday,True
484,2017-12-04,41,4,2.8,89,1.5,130,1.1,0.0,0.0,0.0,Winter,No Holiday,True
485,2017-12-04,82,5,2.0,83,2.7,253,-0.5,0.0,0.0,0.0,Winter,No Holiday,True
486,2017-12-04,200,6,1.2,76,3.7,371,-2.5,0.0,0.1,0.0,Winter,No Holiday,True
487,2017-12-04,498,7,0.2,68,3.4,702,-5.0,0.0,0.0,0.0,Winter,No Holiday,True
488,2017-12-04,937,8,-0.8,69,3.5,954,-5.7,0.01,0.0,0.0,Winter,No Holiday,True
489,2017-12-04,509,9,-1.5,47,4.2,1888,-11.3,0.22,0.0,0.0,Winter,No Holiday,True
490,2017-12-04,311,10,-1.1,40,4.5,2000,-13.0,0.64,0.0,0.0,Winter,No Holiday,True
491,2017-12-04,379,11,-0.5,41,4.1,1799,-12.1,0.94,0.0,0.0,Winter,No Holiday,True
492,2017-12-04,393,12,-0.3,38,4.8,1823,-12.9,1.11,0.0,0.0,Winter,No Holiday,True
493,2017-12-04,391,13,0.0,30,5.4,1938,-15.5,1.17,0.0,0.0,Winter,No Holiday,True
494,2017-12-04,338,14,0.1,27,4.5,2000,-16.7,1.09,0.0,0.0,Winter,No Holiday,True
495,2017-12-04,341,15,-0.1,25,5.8,2000,-17.8,0.88,0.0,0.0,Winter,No Holiday,True
496,2017-12-04,375,16,-0.2,23,4.7,2000,-18.8,0.55,0.0,0.0,Winter,No Holiday,True
497,2017-12-04,515,17,-1.3,26,5.3,2000,-18.3,0.18,0.0,0.0,Winter,No Holiday,True
498,2017-12-04,807,18,-2.1,29,3.9,2000,-17.7,0.0,0.0,0.0,Winter,No Holiday,True
499,2017-12-04,568,19,-2.9,32,3.2,2000,-17.3,0.0,0.0,0.0,Winter,No Holiday,True
500,2017-12-04,398,20,-3.6,38,3.0,2000,-15.8,0.0,0.0,0.0,Winter,No Holiday,True
501,2017-12-04,397,21,-4.6,43,4.5,2000,-15.3,0.0,0.0,0.0,Winter,No Holiday,True
502,2017-12-04,353,22,-5.3,45,2.5,2000,-15.3,0.0,0.0,0.0,Winter,No Holiday,True
503,2017-12-04,248,23,-5.8,44,2.4,2000,-16.1,0.0,0.0,0.0,Winter,No Holiday,True
504,2017-12-05,216,0,-6.1,42,2.6,2000,-16.9,0.0,0.0,0.0,Winter,No Holiday,True
505,2017-12-05,198,1,-6.5,41,2.8,2000,-17.6,0.0,0.0,0.0,Winter,No Holiday,True
506,2017-12-05,124,2,-6.8,41,2.5,2000,-17.8,0.0,0.0,0.0,Winter,No Holiday,True
507,2017-12-05,62,3,-6.9,39,2.0,2000,-18.5,0.0,0.0,0.0,Winter,No Holiday,True
508,2017-12-05,42,4,-7.2,34,3.0,2000,-20.4,0.0,0.0,0.0,Winter,No Holiday,True
509,2017-12-05,82,5,-7.4,33,2.6,2000,-20.9,0.0,0.0,0.0,Winter,No Holiday,True
510,2017-12-05,172,6,-7.4,34,3.2,2000,-20.6,0.0,0.0,0.0,Winter,No Holiday,True
511,2017-12-05,381,7,-7.5,33,2.2,2000,-21.0,0.0,0.0,0.0,Winter,No Holiday,True
512,2017-12-05,812,8,-8.1,36,1.6,2000,-20.5,0.01,0.0,0.0,Winter,No Holiday,True
513,2017-12-05,462,9,-7.6,31,1.3,1974,-21.8,0.21,0.0,0.0,Winter,No Holiday,True
514,2017-12-05,269,10,-5.5,26,2.8,1967,-22.0,0.64,0.0,0.0,Winter,No Holiday,True
515,2017-12-05,334,11,-3.9,25,0.0,1959,-21.0,0.0,0.0,0.0,Winter,No Holiday,True
516,2017-12-05,321,12,-2.3,25,0.0,1962,-19.7,0.0,0.0,0.0,Winter,No Holiday,True
517,2017-12-05,325,13,-1.6,27,0.0,1955,-18.2,0.0,0.0,0.0,Winter,No Holiday,True
518,2017-12-05,334,14,-1.1,28,0.0,2000,-17.3,0.0,0.0,0.0,Winter,No Holiday,True
519,2017-12-05,353,15,-0.7,28,0.0,2000,-16.9,0.0,0.0,0.0,Winter,No Holiday,True
520,2017-12-05,435,16,-0.5,30,0.0,2000,-16.0,0.0,0.0,0.0,Winter,No Holiday,True
521,2017-12-05,529,17,-1.6,35,0.0,2000,-15.1,0.0,0.0,0.0,Winter,No Holiday,True
522,2017-12-05,789,18,-2.6,40,0.0,2000,-14.4,0.0,0.0,0.0,Winter,No Holiday,True
523,2017-12-05,597,19,-3.2,45,0.0,2000,-13.5,0.0,0.0,0.0,Winter,No Holiday,True
524,2017-12-05,418,20,-3.5,46,0.0,2000,-13.4,0.0,0.0,0.0,Winter,No Holiday,True
525,2017-12-05,415,21,-3.7,47,0.0,2000,-13.3,0.0,0.0,0.0,Winter,No Holiday,True
526,2017-12-05,393,22,-2.8,49,0.0,2000,-12.0,0.0,0.0,0.0,Winter,No Holiday,True
527,2017-12-05,244,23,-2.5,59,0.0,1210,-9.4,0.0,0.0,0.0,Winter,No Holiday,True
528,2017-12-06,145,0,-2.8,77,0.0,331,-6.2,0.0,0.1,0.1,Winter,No Holiday,True
529,2017-12-06,144,1,-3.0,79,0.0,293,-6.1,0.0,0.0,0.3,Winter,No Holiday,True
530,2017-12-06,117,2,-3.0,79,0.0,1862,-6.1,0.0,0.0,0.4,Winter,No Holiday,True
531,2017-12-06,78,3,-3.2,78,0.0,1808,-6.4,0.0,0.2,0.4,Winter,No Holiday,True
532,2017-12-06,58,4,-3.4,75,0.0,1982,-7.2,0.0,0.0,0.4,Winter,No Holiday,True
533,2017-12-06,87,5,-3.6,76,0.0,1934,-7.2,0.0,0.0,0.4,Winter,No Holiday,True
534,2017-12-06,142,6,-3.7,76,0.0,1864,-7.3,0.0,0.0,0.4,Winter,No Holiday,True
535,2017-12-06,379,7,-4.2,77,0.0,1741,-7.6,0.0,0.0,0.3,Winter,No Holiday,True
536,2017-12-06,802,8,-4.2,78,0.0,1518,-7.4,0.01,0.0,0.2,Winter,No Holiday,True
537,2017-12-06,440,9,-3.3,70,0.0,1324,-7.9,0.25,0.0,0.2,Winter,No Holiday,True
538,2017-12-06,307,10,-0.9,64,0.0,1224,-6.8,0.63,0.0,0.2,Winter,No Holiday,True
539,2017-12-06,381,11,1.6,57,1.2,1261,-6.0,0.93,0.0,0.0,Winter,No Holiday,True
540,2017-12-06,405,12,2.4,52,0.9,1224,-6.4,1.08,0.0,0.0,Winter,No Holiday,True
541,2017-12-06,442,13,4.2,47,1.1,1469,-6.1,1.1,0.0,0.0,Winter,No Holiday,True
542,2017-12-06,416,14,5.5,34,1.0,1966,-9.1,0.96,0.0,0.0,Winter,No Holiday,True
543,2017-12-06,412,15,5.5,31,3.1,1968,-10.3,0.72,0.0,0.0,Winter,No Holiday,True
544,2017-12-06,496,16,5.3,37,2.9,2000,-8.2,0.36,0.0,0.0,Winter,No Holiday,True
545,2017-12-06,239,17,4.1,60,2.5,1565,-2.9,0.1,0.0,0.0,Winter,No Holiday,True
546,2017-12-06,204,18,1.7,90,1.0,66,0.2,0.0,0.3,0.3,Winter,No Holiday,True
547,2017-12-06,205,19,1.2,92,0.7,180,0.0,0.0,0.0,1.0,Winter,No Holiday,True
548,2017-12-06,190,20,1.2,94,0.6,228,0.3,0.0,0.0,1.0,Winter,No Holiday,True
549,2017-12-06,165,21,1.1,92,0.5,235,0.0,0.0,0.7,1.0,Winter,No Holiday,True
550,2017-12-06,222,22,1.3,92,0.6,233,0.1,0.0,0.0,1.0,Winter,No Holiday,True
551,2017-12-06,193,23,1.3,92,0.6,209,0.1,0.0,0.0,1.0,Winter,No Holiday,True
552,2017-12-07,198,0,1.4,92,0.5,240,0.2,0.0,0.0,0.9,Winter,No Holiday,True
553,2017-12-07,218,1,1.5,92,0.4,227,0.3,0.0,0.0,0.9,Winter,No Holiday,True
554,2017-12-07,149,2,1.4,92,0.7,168,0.2,0.0,0.0,0.9,Winter,No Holiday,True
555,2017-12-07,102,3,1.9,91,1.4,218,0.5,0.0,0.0,0.9,Winter,No Holiday,True
556,2017-12-07,62,4,1.6,92,0.7,119,0.4,0.0,0.0,0.9,Winter,No Holiday,True
557,2017-12-07,83,5,1.5,92,1.1,175,0.3,0.0,0.0,0.9,Winter,No Holiday,True
558,2017-12-07,137,6,1.0,93,0.5,148,0.0,0.0,0.0,0.9,Winter,No Holiday,True
559,2017-12-07,367,7,0.3,93,0.5,173,-0.7,0.0,0.0,0.9,Winter,No Holiday,True
560,2017-12-07,754,8,-0.2,96,0.8,173,-0.7,0.01,0.0,0.8,Winter,No Holiday,True
561,2017-12-07,415,9,0.1,91,0.8,265,-1.1,0.14,0.0,0.8,Winter,No Holiday,True
562,2017-12-07,321,10,1.1,83,0.7,311,-1.4,0.41,0.0,0.7,Winter,No Holiday,True
563,2017-12-07,333,11,2.3,69,1.7,628,-2.8,0.63,0.0,0.6,Winter,No Holiday,True
564,2017-12-07,431,12,3.7,65,2.4,833,-2.2,0.98,0.0,0.3,Winter,No Holiday,True
565,2017-12-07,394,13,4.1,37,3.1,1767,-9.3,1.14,0.0,0.0,Winter,No Holiday,True
566,2017-12-07,390,14,4.4,36,2.7,1975,-9.4,1.04,0.0,0.0,Winter,No Holiday,True
567,2017-12-07,430,15,4.0,35,3.1,1962,-10.1,0.84,0.0,0.0,Winter,No Holiday,True
568,2017-12-07,471,16,3.2,38,2.9,1817,-9.7,0.51,0.0,0.0,Winter,No Holiday,True
569,2017-12-07,552,17,2.1,50,2.0,1434,-7.2,0.15,0.0,0.0,Winter,No Holiday,True
570,2017-12-07,795,18,0.7,46,2.7,1558,-9.6,0.0,0.0,0.0,Winter,No Holiday,True
571,2017-12-07,507,19,-0.4,47,2.5,1269,-10.3,0.0,0.0,0.0,Winter,No Holiday,True
572,2017-12-07,390,20,-1.4,47,2.5,1620,-11.2,0.0,0.0,0.0,Winter,No Holiday,True
573,2017-12-07,402,21,-2.2,46,2.2,1975,-12.2,0.0,0.0,0.0,Winter,No Holiday,True
574,2017-12-07,389,22,-2.7,48,2.6,1844,-12.2,0.0,0.0,0.0,Winter,No Holiday,True
575,2017-12-07,259,23,-3.2,50,2.1,1887,-12.1,0.0,0.0,0.0,Winter,No Holiday,True
576,2017-12-08,233,0,-3.5,49,2.6,1893,-12.6,0.0,0.0,0.0,Winter,No Holiday,True
577,2017-12-08,230,1,-3.7,50,2.5,1902,-12.6,0.0,0.0,0.0,Winter,No Holiday,True
578,2017-12-08,131,2,-4.3,53,1.0,1918,-12.4,0.0,0.0,0.0,Winter,No Holiday,True
579,2017-12-08,99,3,-4.8,52,1.6,1978,-13.1,0.0,0.0,0.0,Winter,No Holiday,True
580,2017-12-08,71,4,-5.3,53,2.4,1936,-13.4,0.0,0.0,0.0,Winter,No Holiday,True
581,2017-12-08,84,5,-5.8,56,2.0,1941,-13.1,0.0,0.0,0.0,Winter,No Holiday,True
582,2017-12-08,158,6,-6.0,56,3.5,1853,-13.3,0.0,0.0,0.0,Winter,No Holiday,True
583,2017-12-08,387,7,-6.5,57,0.8,1776,-13.6,0.0,0.0,0.0,Winter,No Holiday,True
584,2017-12-08,780,8,-7.0,59,0.8,1559,-13.6,0.01,0.0,0.0,Winter,No Holiday,True
585,2017-12-08,395,9,-6.7,50,0.9,1492,-15.4,0.23,0.0,0.0,Winter,No Holiday,True
586,2017-12-08,261,10,-5.3,44,2.8,1516,-15.6,0.63,0.0,0.0,Winter,No Holiday,True
587,2017-12-08,310,11,-3.7,39,1.4,1595,-15.6,0.93,0.0,0.0,Winter,No Holiday,True
588,2017-12-08,355,12,-2.0,30,1.4,1728,-17.3,1.14,0.0,0.0,Winter,No Holiday,True
589,2017-12-08,354,13,-1.7,28,1.8,1963,-17.8,1.22,0.0,0.0,Winter,No Holiday,True
590,2017-12-08,350,14,-1.3,27,3.1,1906,-17.9,1.12,0.0,0.0,Winter,No Holiday,True
591,2017-12-08,362,15,-0.8,26,3.3,1977,-17.9,0.87,0.0,0.0,Winter,No Holiday,True
592,2017-12-08,401,16,-1.1,24,3.4,2000,-19.1,0.56,0.0,0.0,Winter,No Holiday,True
593,2017-12-08,500,17,-2.4,30,2.7,2000,-17.6,0.18,0.0,0.0,Winter,No Holiday,True
594,2017-12-08,752,18,-3.1,33,1.2,2000,-17.1,0.0,0.0,0.0,Winter,No Holiday,True
595,2017-12-08,477,19,-3.3,35,1.1,2000,-16.6,0.0,0.0,0.0,Winter,No Holiday,True
596,2017-12-08,384,20,-3.3,34,1.5,2000,-16.9,0.0,0.0,0.0,Winter,No Holiday,True
597,2017-12-08,336,21,-3.3,35,0.5,2000,-16.6,0.0,0.0,0.0,Winter,No Holiday,True
598,2017-12-08,347,22,-3.4,39,1.2,2000,-15.4,0.0,0.0,0.0,Winter,No Holiday,True
599,2017-12-08,275,23,-3.5,43,0.9,2000,-14.3,0.0,0.0,0.0,Winter,No Holiday,True
600,2017-12-09,267,0,-3.5,48,0.9,1967,-12.9,0.0,0.0,0.0,Winter,No Holiday,True
601,2017-12-09,296,1,-4.1,49,0.6,2000,-13.2,0.0,0.0,0.0,Winter,No Holiday,True
602,2017-12-09,237,2,-4.7,50,0.7,1983,-13.5,0.0,0.0,0.0,Winter,No Holiday,True
603,2017-12-09,169,3,-4.3,47,0.6,1992,-13.9,0.0,0.0,0.0,Winter,No Holiday,True
604,2017-12-09,96,4,-4.3,49,0.7,2000,-13.4,0.0,0.0,0.0,Winter,No Holiday,True
605,2017-12-09,56,5,-4.7,49,0.8,1999,-13.8,0.0,0.0,0.0,Winter,No Holiday,True
606,2017-12-09,76,6,-5.1,53,0.9,1975,-13.2,0.0,0.0,0.0,Winter,No Holiday,True
607,2017-12-09,127,7,-5.5,56,0.8,1950,-12.9,0.0,0.0,0.0,Winter,No Holiday,True
608,2017-12-09,222,8,-5.4,56,0.7,1940,-12.8,0.01,0.0,0.0,Winter,No Holiday,True
609,2017-12-09,291,9,-4.7,48,1.0,1784,-14.0,0.23,0.0,0.0,Winter,No Holiday,True
610,2017-12-09,273,10,-2.2,42,1.3,1646,-13.4,0.61,0.0,0.0,Winter,No Holiday,True
611,2017-12-09,351,11,0.0,45,1.1,1500,-10.5,0.89,0.0,0.0,Winter,No Holiday,True
612,2017-12-09,427,12,2.4,40,0.8,1809,-9.8,1.05,0.0,0.0,Winter,No Holiday,True
613,2017-12-09,431,13,3.9,36,2.0,1702,-9.8,1.13,0.0,0.0,Winter,No Holiday,True
614,2017-12-09,486,14,4.7,32,2.2,1948,-10.6,1.06,0.0,0.0,Winter,No Holiday,True
615,2017-12-09,569,15,5.2,30,2.0,1963,-11.0,0.84,0.0,0.0,Winter,No Holiday,True
616,2017-12-09,546,16,4.4,33,1.6,1963,-10.5,0.4,0.0,0.0,Winter,No Holiday,True
617,2017-12-09,481,17,3.5,37,1.8,1963,-9.8,0.1,0.0,0.0,Winter,No Holiday,True
618,2017-12-09,384,18,2.5,41,1.0,1974,-9.4,0.0,0.0,0.0,Winter,No Holiday,True
619,2017-12-09,275,19,1.5,48,0.4,1878,-8.3,0.0,0.0,0.0,Winter,No Holiday,True
620,2017-12-09,298,20,0.8,51,1.4,1848,-8.2,0.0,0.0,0.0,Winter,No Holiday,True
621,2017-12-09,321,21,-0.1,55,0.7,1654,-8.0,0.0,0.0,0.0,Winter,No Holiday,True
622,2017-12-09,289,22,-0.5,55,0.6,1655,-8.4,0.0,0.0,0.0,Winter,No Holiday,True
623,2017-12-09,265,23,-0.1,54,1.3,1570,-8.3,0.0,0.0,0.0,Winter,No Holiday,True
624,2017-12-10,326,0,-0.2,55,1.0,1629,-8.1,0.0,0.0,0.0,Winter,No Holiday,True
625,2017-12-10,280,1,-0.2,54,0.5,1747,-8.4,0.0,0.0,0.0,Winter,No Holiday,True
626,2017-12-10,243,2,0.2,52,0.7,1726,-8.5,0.0,0.0,0.0,Winter,No Holiday,True
627,2017-12-10,169,3,0.3,53,0.5,1748,-8.1,0.0,0.0,0.0,Winter,No Holiday,True
628,2017-12-10,71,4,0.4,52,1.6,1816,-8.3,0.0,0.0,0.0,Winter,No Holiday,True
629,2017-12-10,13,5,0.3,74,1.0,178,-3.7,0.0,0.0,0.7,Winter,No Holiday,True
630,2017-12-10,9,6,-0.5,90,0.9,91,-1.9,0.0,2.5,2.7,Winter,No Holiday,True
631,2017-12-10,20,7,-0.4,92,1.1,121,-1.5,0.0,0.0,4.0,Winter,No Holiday,True
632,2017-12-10,35,8,-0.2,90,1.2,378,-1.6,0.0,0.0,4.1,Winter,No Holiday,True
633,2017-12-10,31,9,0.2,90,1.0,305,-1.2,0.0,1.6,4.3,Winter,No Holiday,True
634,2017-12-10,19,10,0.5,91,0.4,143,-0.8,0.0,0.0,4.3,Winter,No Holiday,True
635,2017-12-10,58,11,0.9,92,0.9,137,-0.2,0.03,0.0,3.9,Winter,No Holiday,True
636,2017-12-10,119,12,2.3,88,0.3,245,0.5,0.28,0.0,3.1,Winter,No Holiday,True
637,2017-12-10,182,13,3.3,87,1.1,230,1.3,0.54,0.0,2.1,Winter,No Holiday,True
638,2017-12-10,235,14,4.2,85,0.7,325,1.8,0.65,0.0,1.4,Winter,No Holiday,True
639,2017-12-10,180,15,6.7,63,4.5,715,0.1,0.35,0.0,1.0,Winter,No Holiday,True
640,2017-12-10,214,16,5.4,71,3.5,622,0.5,0.2,0.0,0.5,Winter,No Holiday,True
641,2017-12-10,226,17,3.6,65,4.3,1061,-2.3,0.03,0.0,0.4,Winter,No Holiday,True
642,2017-12-10,210,18,2.0,61,3.0,2000,-4.7,0.0,0.0,0.0,Winter,No Holiday,True
643,2017-12-10,181,19,1.6,53,4.0,2000,-6.9,0.0,0.0,0.0,Winter,No Holiday,True
644,2017-12-10,165,20,0.6,57,3.9,1954,-6.9,0.0,0.0,0.0,Winter,No Holiday,True
645,2017-12-10,167,21,0.0,59,3.0,1862,-7.0,0.0,0.0,0.0,Winter,No Holiday,True
646,2017-12-10,152,22,-1.0,56,4.7,2000,-8.6,0.0,0.0,0.0,Winter,No Holiday,True
647,2017-12-10,148,23,-1.4,43,4.3,2000,-12.3,0.0,0.0,0.0,Winter,No Holiday,True
648,2017-12-11,125,0,-2.5,39,3.4,2000,-14.5,0.0,0.0,0.0,Winter,No Holiday,True
649,2017-12-11,111,1,-3.4,36,3.8,2000,-16.3,0.0,0.0,0.0,Winter,No Holiday,True
650,2017-12-11,67,2,-4.2,35,3.4,2000,-17.4,0.0,0.0,0.0,Winter,No Holiday,True
651,2017-12-11,45,3,-4.7,38,2.4,2000,-16.8,0.0,0.0,0.0,Winter,No Holiday,True
652,2017-12-11,44,4,-5.2,35,3.2,2000,-18.3,0.0,0.0,0.0,Winter,No Holiday,True
653,2017-12-11,86,5,-5.6,38,3.2,1974,-17.6,0.0,0.0,0.0,Winter,No Holiday,True
654,2017-12-11,136,6,-5.9,39,2.9,1979,-17.6,0.0,0.0,0.0,Winter,No Holiday,True
655,2017-12-11,325,7,-6.0,39,3.1,1996,-17.7,0.0,0.0,0.0,Winter,No Holiday,True
656,2017-12-11,653,8,-6.0,38,3.6,1994,-18.0,0.01,0.0,0.0,Winter,No Holiday,True
657,2017-12-11,326,9,-5.9,36,5.1,1941,-18.6,0.1,0.0,0.0,Winter,No Holiday,True
658,2017-12-11,212,10,-5.3,32,4.5,2000,-19.4,0.62,0.0,0.0,Winter,No Holiday,True
659,2017-12-11,226,11,-4.7,36,3.8,2000,-17.5,1.0,0.0,0.0,Winter,No Holiday,True
660,2017-12-11,247,12,-5.2,33,4.6,1973,-19.0,1.26,0.0,0.0,Winter,No Holiday,True
661,2017-12-11,241,13,-5.4,32,5.1,1986,-19.5,1.24,0.0,0.0,Winter,No Holiday,True
662,2017-12-11,253,14,-5.4,31,4.1,1945,-19.9,1.13,0.0,0.0,Winter,No Holiday,True
663,2017-12-11,269,15,-5.5,33,4.5,2000,-19.2,0.92,0.0,0.0,Winter,No Holiday,True
664,2017-12-11,277,16,-6.0,40,4.0,2000,-17.4,0.55,0.0,0.0,Winter,No Holiday,True
665,2017-12-11,361,17,-7.1,44,4.2,2000,-17.3,0.18,0.0,0.0,Winter,No Holiday,True
666,2017-12-11,557,18,-7.9,43,3.3,2000,-18.3,0.0,0.0,0.0,Winter,No Holiday,True
667,2017-12-11,371,19,-8.6,45,3.9,2000,-18.4,0.0,0.0,0.0,Winter,No Holiday,True
668,2017-12-11,254,20,-9.3,49,3.8,2000,-18.0,0.0,0.0,0.0,Winter,No Holiday,True
669,2017-12-11,266,21,-9.7,51,2.5,2000,-17.9,0.0,0.0,0.0,Winter,No Holiday,True
670,2017-12-11,222,22,-10.2,50,3.0,2000,-18.6,0.0,0.0,0.0,Winter,No Holiday,True
671,2017-12-11,174,23,-10.7,53,1.2,2000,-18.4,0.0,0.0,0.0,Winter,No Holiday,True
672,2017-12-12,133,0,-11.0,51,1.1,2000,-19.1,0.0,0.0,0.0,Winter,No Holiday,True
673,2017-12-12,127,1,-11.2,51,1.1,2000,-19.3,0.0,0.0,0.0,Winter,No Holiday,True
674,2017-12-12,95,2,-11.5,50,0.7,2000,-19.8,0.0,0.0,0.0,Winter,No Holiday,True
675,2017-12-12,54,3,-11.6,50,2.2,1995,-19.9,0.0,0.0,0.0,Winter,No Holiday,True
676,2017-12-12,46,4,-11.6,47,2.1,1982,-20.6,0.0,0.0,0.0,Winter,No Holiday,True
677,2017-12-12,65,5,-11.6,45,2.8,1951,-21.1,0.0,0.0,0.0,Winter,No Holiday,True
678,2017-12-12,104,6,-11.8,47,2.5,1973,-20.8,0.0,0.0,0.0,Winter,No Holiday,True
679,2017-12-12,280,7,-12.1,50,2.3,1929,-20.4,0.0,0.0,0.0,Winter,No Holiday,True
680,2017-12-12,580,8,-12.3,52,1.3,1914,-20.1,0.0,0.0,0.0,Winter,No Holiday,True
681,2017-12-12,275,9,-11.8,46,2.9,1956,-21.1,0.1,0.0,0.0,Winter,No Holiday,True
682,2017-12-12,184,10,-10.5,45,3.3,1855,-20.1,0.6,0.0,0.0,Winter,No Holiday,True
683,2017-12-12,201,11,-9.4,42,3.1,1815,-19.9,0.93,0.0,0.0,Winter,No Holiday,True
684,2017-12-12,228,12,-8.3,35,2.9,1967,-21.0,1.14,0.0,0.0,Winter,No Holiday,True
685,2017-12-12,225,13,-6.9,37,2.4,1955,-19.1,1.22,0.0,0.0,Winter,No Holiday,True
686,2017-12-12,258,14,-5.4,32,2.0,1930,-19.5,1.12,0.0,0.0,Winter,No Holiday,True
687,2017-12-12,250,15,-5.8,30,2.8,2000,-20.6,0.92,0.0,0.0,Winter,No Holiday,True
688,2017-12-12,248,16,-6.0,29,2.8,1983,-21.2,0.58,0.0,0.0,Winter,No Holiday,True
689,2017-12-12,305,17,-7.0,32,2.6,2000,-20.9,0.19,0.0,0.0,Winter,No Holiday,True
690,2017-12-12,529,18,-7.7,36,1.0,2000,-20.2,0.0,0.0,0.0,Winter,No Holiday,True
691,2017-12-12,350,19,-8.2,43,1.1,2000,-18.5,0.0,0.0,0.0,Winter,No Holiday,True
692,2017-12-12,260,20,-8.4,42,1.0,2000,-19.0,0.0,0.0,0.0,Winter,No Holiday,True
693,2017-12-12,270,21,-8.8,43,1.4,1999,-19.1,0.0,0.0,0.0,Winter,No Holiday,True
694,2017-12-12,256,22,-9.0,45,1.3,1999,-18.7,0.0,0.0,0.0,Winter,No Holiday,True
695,2017-12-12,173,23,-9.3,47,2.1,2000,-18.5,0.0,0.0,0.0,Winter,No Holiday,True
696,2017-12-13,168,0,-9.5,48,1.3,1996,-18.4,0.0,0.0,0.0,Winter,No Holiday,True
697,2017-12-13,183,1,-10.2,52,1.6,1997,-18.2,0.0,0.0,0.0,Winter,No Holiday,True
698,2017-12-13,120,2,-10.4,53,1.8,1949,-18.1,0.0,0.0,0.0,Winter,No Holiday,True
699,2017-12-13,79,3,-10.9,55,1.8,1913,-18.1,0.0,0.0,0.0,Winter,No Holiday,True
700,2017-12-13,41,4,-11.4,58,1.3,1907,-18.0,0.0,0.0,0.0,Winter,No Holiday,True
701,2017-12-13,68,5,-11.5,58,1.1,1923,-18.1,0.0,0.0,0.0,Winter,No Holiday,True
702,2017-12-13,109,6,-11.9,57,1.1,1974,-18.7,0.0,0.0,0.0,Winter,No Holiday,True
703,2017-12-13,310,7,-11.7,53,1.6,1998,-19.3,0.0,0.0,0.0,Winter,No Holiday,True
704,2017-12-13,591,8,-11.4,47,3.3,2000,-20.4,0.0,0.0,0.0,Winter,No Holiday,True
705,2017-12-13,340,9,-11.1,46,3.4,1981,-20.4,0.1,0.0,0.0,Winter,No Holiday,True
706,2017-12-13,202,10,-9.5,39,2.1,1875,-20.9,0.6,0.0,0.0,Winter,No Holiday,True
707,2017-12-13,251,11,-8.1,35,1.8,1806,-20.9,0.96,0.0,0.0,Winter,No Holiday,True
708,2017-12-13,267,12,-6.5,30,2.9,1945,-21.2,1.17,0.0,0.0,Winter,No Holiday,True
709,2017-12-13,251,13,-5.8,28,2.9,1887,-21.4,1.23,0.0,0.0,Winter,No Holiday,True
710,2017-12-13,240,14,-4.7,27,2.9,1883,-20.8,1.12,0.0,0.0,Winter,No Holiday,True
711,2017-12-13,240,15,-4.9,26,3.1,1887,-21.5,0.89,0.0,0.0,Winter,No Holiday,True
712,2017-12-13,278,16,-4.5,26,2.2,2000,-21.1,0.56,0.0,0.0,Winter,No Holiday,True
713,2017-12-13,392,17,-5.6,29,1.7,2000,-20.8,0.18,0.0,0.0,Winter,No Holiday,True
714,2017-12-13,537,18,-6.6,33,1.1,2000,-20.2,0.0,0.0,0.0,Winter,No Holiday,True
715,2017-12-13,373,19,-6.6,31,1.6,2000,-20.9,0.0,0.0,0.0,Winter,No Holiday,True
716,2017-12-13,263,20,-7.6,35,0.8,2000,-20.4,0.0,0.0,0.0,Winter,No Holiday,True
717,2017-12-13,271,21,-8.3,39,1.0,2000,-19.8,0.0,0.0,0.0,Winter,No Holiday,True
718,2017-12-13,271,22,-8.9,39,0.1,2000,-20.3,0.0,0.0,0.0,Winter,No Holiday,True
719,2017-12-13,174,23,-9.2,44,0.4,1978,-19.2,0.0,0.0,0.0,Winter,No Holiday,True
720,2017-12-14,171,0,-9.5,50,0.6,1953,-18.0,0.0,0.0,0.0,Winter,No Holiday,True
721,2017-12-14,170,1,-9.8,48,0.8,2000,-18.7,0.0,0.0,0.0,Winter,No Holiday,True
722,2017-12-14,107,2,-10.6,44,0.8,1903,-20.5,0.0,0.0,0.0,Winter,No Holiday,True
723,2017-12-14,80,3,-10.7,48,0.4,1651,-19.6,0.0,0.0,0.0,Winter,No Holiday,True
724,2017-12-14,52,4,-11.0,50,0.8,1718,-19.4,0.0,0.0,0.0,Winter,No Holiday,True
725,2017-12-14,62,5,-10.8,48,0.8,1648,-19.6,0.0,0.0,0.0,Winter,No Holiday,True
726,2017-12-14,108,6,-11.0,55,0.8,1541,-18.2,0.0,0.0,0.0,Winter,No Holiday,True
727,2017-12-14,279,7,-10.9,57,1.1,1387,-17.7,0.0,0.0,0.0,Winter,No Holiday,True
728,2017-12-14,621,8,-10.4,54,1.1,1432,-17.9,0.01,0.0,0.0,Winter,No Holiday,True
729,2017-12-14,305,9,-9.4,44,0.5,1680,-19.4,0.13,0.0,0.0,Winter,No Holiday,True
730,2017-12-14,189,10,-7.7,43,0.9,1555,-18.1,0.35,0.0,0.0,Winter,No Holiday,True
731,2017-12-14,247,11,-6.1,38,1.0,1587,-18.1,0.52,0.0,0.0,Winter,No Holiday,True
732,2017-12-14,278,12,-4.9,34,1.3,1768,-18.3,0.6,0.0,0.0,Winter,No Holiday,True
733,2017-12-14,282,13,-3.8,32,0.9,1827,-18.1,0.52,0.0,0.0,Winter,No Holiday,True
734,2017-12-14,294,14,-2.7,28,0.7,1857,-18.7,0.65,0.0,0.0,Winter,No Holiday,True
735,2017-12-14,301,15,-2.5,29,1.1,1667,-18.1,0.48,0.0,0.0,Winter,No Holiday,True
736,2017-12-14,335,16,-2.4,28,0.9,1878,-18.4,0.35,0.0,0.0,Winter,No Holiday,True
737,2017-12-14,382,17,-2.9,31,0.6,1723,-17.7,0.09,0.0,0.0,Winter,No Holiday,True
738,2017-12-14,612,18,-3.5,35,1.1,1414,-16.7,0.0,0.0,0.0,Winter,No Holiday,True
739,2017-12-14,410,19,-4.2,40,0.9,1216,-15.8,0.0,0.0,0.0,Winter,No Holiday,True
740,2017-12-14,277,20,-4.8,43,1.1,1397,-15.4,0.0,0.0,0.0,Winter,No Holiday,True
741,2017-12-14,316,21,-4.8,45,0.8,1351,-14.9,0.0,0.0,0.0,Winter,No Holiday,True
742,2017-12-14,309,22,-4.9,44,1.1,1369,-15.3,0.0,0.0,0.0,Winter,No Holiday,True
743,2017-12-14,211,23,-5.6,53,1.2,1290,-13.6,0.0,0.0,0.0,Winter,No Holiday,True
744,2017-12-15,227,0,-5.7,53,0.6,1262,-13.7,0.0,0.0,0.0,Winter,No Holiday,True
745,2017-12-15,241,1,-6.3,57,0.4,1148,-13.4,0.0,0.0,0.0,Winter,No Holiday,True
746,2017-12-15,162,2,-6.8,58,0.4,1089,-13.6,0.0,0.0,0.0,Winter,No Holiday,True
747,2017-12-15,110,3,-6.9,56,0.5,1111,-14.2,0.0,0.0,0.0,Winter,No Holiday,True
748,2017-12-15,69,4,-7.1,59,0.8,1058,-13.7,0.0,0.0,0.0,Winter,No Holiday,True
749,2017-12-15,68,5,-7.5,64,0.9,989,-13.1,0.0,0.0,0.0,Winter,No Holiday,True
750,2017-12-15,129,6,-7.4,64,0.7,906,-13.0,0.0,0.0,0.0,Winter,No Holiday,True
751,2017-12-15,285,7,-7.0,63,0.6,865,-12.8,0.0,0.0,0.0,Winter,No Holiday,True
752,2017-12-15,658,8,-6.6,64,1.1,791,-12.2,0.0,0.0,0.0,Winter,No Holiday,True
753,2017-12-15,330,9,-5.9,60,0.6,691,-12.4,0.09,0.0,0.0,Winter,No Holiday,True
754,2017-12-15,221,10,-4.6,52,0.8,648,-12.9,0.34,0.0,0.0,Winter,No Holiday,True
755,2017-12-15,279,11,-2.9,46,1.0,809,-12.9,0.42,0.0,0.0,Winter,No Holiday,True
756,2017-12-15,309,12,-2.5,43,0.7,895,-13.3,0.34,0.0,0.0,Winter,No Holiday,True
757,2017-12-15,325,13,-1.6,40,0.3,868,-13.4,0.32,0.0,0.0,Winter,No Holiday,True
758,2017-12-15,329,14,-0.7,39,0.8,826,-12.9,0.35,0.0,0.0,Winter,No Holiday,True
759,2017-12-15,342,15,0.1,35,1.5,946,-13.5,0.42,0.0,0.0,Winter,No Holiday,True
760,2017-12-15,354,16,0.0,37,0.6,994,-12.9,0.13,0.0,0.0,Winter,No Holiday,True
761,2017-12-15,464,17,-0.2,39,0.8,1016,-12.5,0.0,0.0,0.0,Winter,No Holiday,True
762,2017-12-15,682,18,0.1,43,0.9,1485,-11.0,0.0,0.0,0.0,Winter,No Holiday,True
763,2017-12-15,451,19,0.6,41,1.2,1550,-11.1,0.0,0.0,0.0,Winter,No Holiday,True
764,2017-12-15,320,20,0.9,42,1.2,1113,-10.5,0.0,0.0,0.0,Winter,No Holiday,True
765,2017-12-15,300,21,0.7,47,2.7,1283,-9.3,0.0,0.0,0.0,Winter,No Holiday,True
766,2017-12-15,296,22,-0.1,49,2.0,870,-9.5,0.0,0.0,0.0,Winter,No Holiday,True
767,2017-12-15,247,23,-1.3,60,2.5,792,-8.0,0.0,0.0,0.0,Winter,No Holiday,True
768,2017-12-16,217,0,-2.6,73,3.4,787,-6.7,0.0,0.0,0.0,Winter,No Holiday,True
769,2017-12-16,302,1,-3.4,76,2.9,582,-7.0,0.0,0.0,0.0,Winter,No Holiday,True
770,2017-12-16,228,2,-4.1,73,2.1,567,-8.2,0.0,0.0,0.0,Winter,No Holiday,True
771,2017-12-16,129,3,-4.5,71,1.6,651,-8.9,0.0,0.0,0.0,Winter,No Holiday,True
772,2017-12-16,80,4,-5.0,70,2.7,702,-9.6,0.0,0.0,0.0,Winter,No Holiday,True
773,2017-12-16,45,5,-5.6,72,2.0,662,-9.8,0.0,0.0,0.0,Winter,No Holiday,True
774,2017-12-16,66,6,-6.1,69,2.9,765,-10.8,0.0,0.0,0.0,Winter,No Holiday,True
775,2017-12-16,90,7,-6.7,64,2.1,977,-12.3,0.0,0.0,0.0,Winter,No Holiday,True
776,2017-12-16,190,8,-7.3,62,2.6,1112,-13.3,0.0,0.0,0.0,Winter,No Holiday,True
777,2017-12-16,195,9,-7.2,47,2.8,1724,-16.6,0.18,0.0,0.0,Winter,No Holiday,True
778,2017-12-16,201,10,-6.2,42,2.3,1893,-17.0,0.52,0.0,0.0,Winter,No Holiday,True
779,2017-12-16,239,11,-5.2,30,4.0,1991,-20.1,0.86,0.0,0.0,Winter,No Holiday,True
780,2017-12-16,252,12,-4.1,28,3.8,1998,-19.9,1.08,0.0,0.0,Winter,No Holiday,True
781,2017-12-16,296,13,-3.7,23,4.0,1980,-21.8,1.12,0.0,0.0,Winter,No Holiday,True
782,2017-12-16,292,14,-3.4,22,4.3,1966,-22.1,1.07,0.0,0.0,Winter,No Holiday,True
783,2017-12-16,291,15,-3.3,22,5.0,2000,-22.0,0.86,0.0,0.0,Winter,No Holiday,True
784,2017-12-16,258,16,-3.3,24,3.5,2000,-21.0,0.54,0.0,0.0,Winter,No Holiday,True
785,2017-12-16,277,17,-4.6,26,2.6,2000,-21.2,0.17,0.0,0.0,Winter,No Holiday,True
786,2017-12-16,212,18,-5.3,28,3.5,2000,-21.0,0.0,0.0,0.0,Winter,No Holiday,True
787,2017-12-16,173,19,-6.0,32,2.4,2000,-20.0,0.0,0.0,0.0,Winter,No Holiday,True
788,2017-12-16,143,20,-6.6,37,3.4,2000,-18.9,0.0,0.0,0.0,Winter,No Holiday,True
789,2017-12-16,159,21,-7.1,39,3.2,2000,-18.7,0.0,0.0,0.0,Winter,No Holiday,True
790,2017-12-16,155,22,-7.6,41,1.6,2000,-18.6,0.0,0.0,0.0,Winter,No Holiday,True
791,2017-12-16,142,23,-8.0,41,2.2,2000,-18.9,0.0,0.0,0.0,Winter,No Holiday,True
792,2017-12-17,175,0,-8.1,41,2.0,2000,-19.0,0.0,0.0,0.0,Winter,No Holiday,True
793,2017-12-17,146,1,-8.4,40,1.6,2000,-19.6,0.0,0.0,0.0,Winter,No Holiday,True
794,2017-12-17,132,2,-8.7,40,2.8,2000,-19.8,0.0,0.0,0.0,Winter,No Holiday,True
795,2017-12-17,100,3,-9.0,40,3.1,2000,-20.1,0.0,0.0,0.0,Winter,No Holiday,True
796,2017-12-17,41,4,-9.5,40,1.9,2000,-20.6,0.0,0.0,0.0,Winter,No Holiday,True
797,2017-12-17,31,5,-9.7,41,3.1,2000,-20.5,0.0,0.0,0.0,Winter,No Holiday,True
798,2017-12-17,39,6,-9.9,42,2.3,2000,-20.4,0.0,0.0,0.0,Winter,No Holiday,True
799,2017-12-17,53,7,-10.2,42,2.3,2000,-20.6,0.0,0.0,0.0,Winter,No Holiday,True
800,2017-12-17,94,8,-10.7,43,0.9,2000,-20.8,0.0,0.0,0.0,Winter,No Holiday,True
801,2017-12-17,122,9,-10.5,38,1.1,1950,-22.1,0.19,0.0,0.0,Winter,No Holiday,True
802,2017-12-17,142,10,-8.5,31,1.5,1997,-22.6,0.58,0.0,0.0,Winter,No Holiday,True
803,2017-12-17,189,11,-7.2,29,1.8,1926,-22.2,0.88,0.0,0.0,Winter,No Holiday,True
804,2017-12-17,216,12,-4.9,25,2.6,1966,-21.9,1.08,0.0,0.0,Winter,No Holiday,True
805,2017-12-17,223,13,-4.5,25,3.2,1989,-21.6,1.14,0.0,0.0,Winter,No Holiday,True
806,2017-12-17,268,14,-3.2,26,3.1,1933,-20.0,1.07,0.0,0.0,Winter,No Holiday,True
807,2017-12-17,278,15,-2.5,28,2.0,2000,-18.5,0.85,0.0,0.0,Winter,No Holiday,True
808,2017-12-17,256,16,-2.7,31,2.3,2000,-17.5,0.54,0.0,0.0,Winter,No Holiday,True
809,2017-12-17,266,17,-3.8,35,2.4,2000,-17.0,0.17,0.0,0.0,Winter,No Holiday,True
810,2017-12-17,204,18,-4.7,37,1.8,2000,-17.2,0.01,0.0,0.0,Winter,No Holiday,True
811,2017-12-17,157,19,-5.6,39,1.1,2000,-17.3,0.0,0.0,0.0,Winter,No Holiday,True
812,2017-12-17,166,20,-6.0,42,0.8,2000,-16.8,0.0,0.0,0.0,Winter,No Holiday,True
813,2017-12-17,168,21,-6.5,45,0.7,2000,-16.4,0.0,0.0,0.0,Winter,No Holiday,True
814,2017-12-17,172,22,-6.6,50,0.6,1990,-15.3,0.0,0.0,0.0,Winter,No Holiday,True
815,2017-12-17,138,23,-6.9,53,0.7,2000,-14.8,0.0,0.0,0.0,Winter,No Holiday,True
816,2017-12-18,151,0,-5.9,50,0.6,2000,-14.6,0.0,0.0,0.0,Winter,No Holiday,True
817,2017-12-18,97,1,-5.3,48,0.4,1664,-14.6,0.0,0.0,0.0,Winter,No Holiday,True
818,2017-12-18,38,2,-5.0,65,0.4,990,-10.5,0.0,0.0,0.2,Winter,No Holiday,True
819,2017-12-18,32,3,-5.3,76,1.0,767,-8.8,0.0,0.3,0.5,Winter,No Holiday,True
820,2017-12-18,29,4,-5.4,81,0.7,270,-8.1,0.0,0.0,0.7,Winter,No Holiday,True
821,2017-12-18,27,5,-5.3,81,0.9,923,-8.0,0.0,0.0,0.8,Winter,No Holiday,True
822,2017-12-18,45,6,-5.2,85,0.9,271,-7.3,0.0,0.4,1.3,Winter,No Holiday,True
823,2017-12-18,96,7,-5.0,85,0.7,186,-7.1,0.0,0.0,1.8,Winter,No Holiday,True
824,2017-12-18,146,8,-4.6,86,1.2,508,-6.5,0.0,0.0,2.0,Winter,No Holiday,True
825,2017-12-18,52,9,-4.3,89,1.0,59,-5.8,0.0,1.6,4.0,Winter,No Holiday,True
826,2017-12-18,36,10,-3.7,87,1.0,541,-5.5,0.03,0.0,4.8,Winter,No Holiday,True
827,2017-12-18,44,11,-2.9,85,1.2,243,-5.0,0.06,0.0,4.8,Winter,No Holiday,True
828,2017-12-18,62,12,-1.8,83,1.2,351,-4.3,0.09,1.1,5.1,Winter,No Holiday,True
829,2017-12-18,76,13,-0.9,84,1.2,333,-3.2,0.09,0.0,5.0,Winter,No Holiday,True
830,2017-12-18,116,14,0.5,76,0.9,364,-3.2,0.17,0.0,4.2,Winter,No Holiday,True
831,2017-12-18,137,15,1.6,73,0.9,421,-2.7,0.6,0.0,3.2,Winter,No Holiday,True
832,2017-12-18,181,16,1.8,76,0.8,410,-1.9,0.47,0.0,2.7,Winter,No Holiday,True
833,2017-12-18,175,17,0.4,84,0.8,317,-1.9,0.15,0.0,2.7,Winter,No Holiday,True
834,2017-12-18,281,18,0.0,88,0.6,277,-1.7,0.0,0.0,2.7,Winter,No Holiday,True
835,2017-12-18,198,19,1.3,65,1.1,1122,-4.5,0.0,0.0,2.7,Winter,No Holiday,True
836,2017-12-18,165,20,3.3,65,3.2,1172,-2.6,0.0,0.0,2.7,Winter,No Holiday,True
837,2017-12-18,148,21,2.8,73,2.4,831,-1.5,0.0,0.0,2.6,Winter,No Holiday,True
838,2017-12-18,160,22,1.5,82,2.4,537,-1.2,0.0,0.0,2.6,Winter,No Holiday,True
839,2017-12-18,128,23,0.1,81,2.9,551,-2.7,0.0,0.0,2.6,Winter,No Holiday,True
840,2017-12-19,122,0,-1.0,73,2.3,881,-5.2,0.0,0.0,2.6,Winter,No Holiday,True
841,2017-12-19,122,1,-2.0,72,0.8,979,-6.3,0.0,0.0,2.6,Winter,No Holiday,True
842,2017-12-19,93,2,-2.7,72,0.9,990,-7.0,0.0,0.0,2.6,Winter,No Holiday,True
843,2017-12-19,55,3,-2.8,58,1.6,1315,-9.9,0.0,0.0,2.6,Winter,No Holiday,True
844,2017-12-19,39,4,-2.9,59,1.8,1286,-9.8,0.0,0.0,2.6,Winter,No Holiday,True
845,2017-12-19,55,5,-3.9,66,0.7,1209,-9.3,0.0,0.0,2.6,Winter,No Holiday,True
846,2017-12-19,78,6,-4.3,70,1.6,1169,-8.9,0.0,0.0,2.6,Winter,No Holiday,True
847,2017-12-19,165,7,-4.4,64,2.8,1367,-10.1,0.0,0.0,2.6,Winter,No Holiday,True
848,2017-12-19,390,8,-5.2,58,2.2,1594,-12.1,0.0,0.0,2.5,Winter,No Holiday,True
849,2017-12-19,199,9,-5.3,48,2.6,1810,-14.6,0.18,0.0,2.5,Winter,No Holiday,True
850,2017-12-19,151,10,-4.6,41,2.8,1815,-15.8,0.57,0.0,2.5,Winter,No Holiday,True
851,2017-12-19,174,11,-3.5,35,2.2,1742,-16.7,0.87,0.0,2.5,Winter,No Holiday,True
852,2017-12-19,191,12,-2.5,31,2.6,1778,-17.3,1.08,0.0,2.3,Winter,No Holiday,True
853,2017-12-19,189,13,-2.2,25,3.2,1970,-19.6,1.17,0.0,2.2,Winter,No Holiday,True
854,2017-12-19,178,14,-2.2,23,3.7,1971,-20.5,1.09,0.0,2.2,Winter,No Holiday,True
855,2017-12-19,195,15,-1.3,26,3.0,2000,-18.3,0.91,0.0,2.1,Winter,No Holiday,True
856,2017-12-19,211,16,-1.8,31,3.1,1993,-16.7,0.56,0.0,2.0,Winter,No Holiday,True
857,2017-12-19,256,17,-2.7,35,1.8,2000,-16.0,0.18,0.0,2.0,Winter,No Holiday,True
858,2017-12-19,384,18,-3.8,42,3.3,2000,-14.8,0.0,0.0,2.0,Winter,No Holiday,True
859,2017-12-19,276,19,-4.5,51,2.0,2000,-13.1,0.0,0.0,2.0,Winter,No Holiday,True
860,2017-12-19,225,20,-4.9,55,2.0,2000,-12.5,0.0,0.0,2.0,Winter,No Holiday,True
861,2017-12-19,224,21,-5.0,57,1.9,2000,-12.2,0.0,0.0,2.0,Winter,No Holiday,True
862,2017-12-19,213,22,-5.5,56,1.5,2000,-12.9,0.0,0.0,2.0,Winter,No Holiday,True
863,2017-12-19,149,23,-5.8,57,1.7,2000,-12.9,0.0,0.0,2.0,Winter,No Holiday,True
864,2017-12-20,142,0,-6.5,63,1.5,1666,-12.3,0.0,0.0,2.0,Winter,No Holiday,True
865,2017-12-20,172,1,-7.3,67,1.1,1593,-12.3,0.0,0.0,2.0,Winter,No Holiday,True
866,2017-12-20,108,2,-7.8,68,0.9,1642,-12.6,0.0,0.0,2.0,Winter,No Holiday,True
867,2017-12-20,71,3,-8.1,70,1.3,1557,-12.6,0.0,0.0,2.0,Winter,No Holiday,True
868,2017-12-20,38,4,-8.5,73,1.0,1723,-12.4,0.0,0.0,2.0,Winter,No Holiday,True
869,2017-12-20,56,5,-8.3,67,0.9,1566,-13.3,0.0,0.0,2.0,Winter,No Holiday,True
870,2017-12-20,97,6,-8.2,66,0.9,1718,-13.4,0.0,0.0,2.0,Winter,No Holiday,True
871,2017-12-20,213,7,-8.1,67,0.9,1737,-13.1,0.0,0.0,2.0,Winter,No Holiday,True
872,2017-12-20,466,8,-7.8,65,1.1,1738,-13.2,0.0,0.0,2.0,Winter,No Holiday,True
873,2017-12-20,239,9,-6.7,62,1.1,1749,-12.7,0.09,0.0,2.0,Winter,No Holiday,True
874,2017-12-20,162,10,-5.4,56,1.1,1751,-12.8,0.28,0.0,2.0,Winter,No Holiday,True
875,2017-12-20,204,11,-4.2,51,1.1,1772,-12.8,0.4,0.0,1.9,Winter,No Holiday,True
876,2017-12-20,209,12,-3.2,49,1.3,1723,-12.4,0.53,0.0,1.9,Winter,No Holiday,True
877,2017-12-20,228,13,-1.3,43,1.0,1777,-12.3,0.8,0.0,1.7,Winter,No Holiday,True
878,2017-12-20,243,14,-0.5,44,1.0,1793,-11.2,0.71,0.0,1.7,Winter,No Holiday,True
879,2017-12-20,240,15,-0.2,45,1.0,1852,-10.7,0.41,0.0,1.6,Winter,No Holiday,True
880,2017-12-20,225,16,-0.5,48,1.1,1722,-10.1,0.12,0.0,1.6,Winter,No Holiday,True
881,2017-12-20,237,17,-0.9,70,1.1,299,-5.6,0.02,0.0,2.2,Winter,No Holiday,True
882,2017-12-20,329,18,-1.4,79,1.6,702,-4.5,0.0,0.1,2.2,Winter,No Holiday,True
883,2017-12-20,190,19,-1.5,81,1.8,751,-4.3,0.0,0.0,2.2,Winter,No Holiday,True
884,2017-12-20,165,20,-1.9,86,0.9,700,-3.9,0.0,0.0,2.4,Winter,No Holiday,True
885,2017-12-20,197,21,-2.0,83,1.2,904,-4.5,0.0,0.1,2.4,Winter,No Holiday,True
886,2017-12-20,184,22,-1.6,82,0.4,929,-4.2,0.0,0.0,2.3,Winter,No Holiday,True
887,2017-12-20,153,23,-1.1,87,1.4,349,-2.9,0.0,0.0,2.2,Winter,No Holiday,True
888,2017-12-21,166,0,-1.3,90,2.0,259,-2.7,0.0,0.0,2.2,Winter,No Holiday,True
889,2017-12-21,189,1,-1.8,90,1.6,263,-3.2,0.0,0.0,2.2,Winter,No Holiday,True
890,2017-12-21,132,2,-2.2,88,1.4,348,-3.9,0.0,0.0,2.2,Winter,No Holiday,True
891,2017-12-21,79,3,-2.9,89,1.3,288,-4.4,0.0,0.0,2.2,Winter,No Holiday,True
892,2017-12-21,58,4,-3.6,91,1.2,241,-4.8,0.0,0.0,2.2,Winter,No Holiday,True
893,2017-12-21,49,5,-4.3,91,1.5,233,-5.5,0.0,0.0,2.2,Winter,No Holiday,True
894,2017-12-21,84,6,-4.8,91,1.1,266,-6.0,0.0,0.0,2.2,Winter,No Holiday,True
895,2017-12-21,178,7,-5.3,90,1.1,311,-6.6,0.0,0.0,2.2,Winter,No Holiday,True
896,2017-12-21,423,8,-5.6,89,0.9,371,-7.1,0.0,0.0,2.2,Winter,No Holiday,True
897,2017-12-21,265,9,-5.3,88,0.4,463,-6.9,0.21,0.0,2.2,Winter,No Holiday,True
898,2017-12-21,169,10,-3.0,71,0.7,608,-7.5,0.67,0.0,2.1,Winter,No Holiday,True
899,2017-12-21,243,11,-0.7,62,0.7,519,-7.0,0.77,0.0,2.0,Winter,No Holiday,True
900,2017-12-21,290,12,1.9,40,2.0,1835,-10.3,1.04,0.0,1.9,Winter,No Holiday,True
901,2017-12-21,285,13,3.2,42,1.8,1349,-8.5,1.08,0.0,1.8,Winter,No Holiday,True
902,2017-12-21,255,14,4.3,47,2.3,953,-6.0,0.96,0.0,1.6,Winter,No Holiday,True
903,2017-12-21,316,15,4.4,46,1.4,1113,-6.2,0.78,0.0,1.0,Winter,No Holiday,True
904,2017-12-21,301,16,4.1,51,1.8,1112,-5.1,0.48,0.0,0.9,Winter,No Holiday,True
905,2017-12-21,366,17,2.9,60,1.3,1193,-4.1,0.16,0.0,0.8,Winter,No Holiday,True
906,2017-12-21,531,18,1.7,64,1.3,1140,-4.3,0.0,0.0,0.8,Winter,No Holiday,True
907,2017-12-21,355,19,0.8,71,0.9,923,-3.8,0.0,0.0,0.8,Winter,No Holiday,True
908,2017-12-21,288,20,0.2,72,0.7,990,-4.2,0.0,0.0,0.8,Winter,No Holiday,True
909,2017-12-21,248,21,-0.4,74,0.6,1065,-4.4,0.0,0.0,0.8,Winter,No Holiday,True
910,2017-12-21,252,22,-1.1,78,0.6,865,-4.4,0.0,0.0,0.8,Winter,No Holiday,True
911,2017-12-21,212,23,-1.5,79,0.6,821,-4.6,0.0,0.0,0.8,Winter,No Holiday,True
912,2017-12-23,282,0,5.8,75,1.9,788,1.7,0.0,0.0,0.0,Winter,No Holiday,True
913,2017-12-23,337,1,5.7,75,1.7,706,1.6,0.0,0.0,0.0,Winter,No Holiday,True
914,2017-12-23,312,2,5.6,76,1.6,641,1.6,0.0,0.0,0.0,Winter,No Holiday,True
915,2017-12-23,230,3,5.4,77,1.6,583,1.6,0.0,0.0,0.0,Winter,No Holiday,True
916,2017-12-23,120,4,5.3,79,0.9,506,1.9,0.0,0.0,0.0,Winter,No Holiday,True
917,2017-12-23,59,5,5.0,81,1.2,425,2.0,0.0,0.0,0.0,Winter,No Holiday,True
918,2017-12-23,63,6,5.1,81,1.3,375,2.1,0.0,0.0,0.0,Winter,No Holiday,True
919,2017-12-23,99,7,5.1,82,0.7,334,2.2,0.0,0.0,0.0,Winter,No Holiday,True
920,2017-12-23,188,8,5.1,83,0.9,297,2.4,0.0,0.0,0.0,Winter,No Holiday,True
921,2017-12-23,239,9,5.2,84,0.7,226,2.7,0.03,0.0,0.0,Winter,No Holiday,True
922,2017-12-23,235,10,5.4,82,1.2,215,2.5,0.13,0.0,0.0,Winter,No Holiday,True
923,2017-12-23,282,11,5.7,81,1.1,192,2.6,0.18,0.0,0.0,Winter,No Holiday,True
924,2017-12-23,325,12,7.0,72,1.9,246,2.2,0.64,0.0,0.0,Winter,No Holiday,True
925,2017-12-23,423,13,7.7,68,1.0,249,2.1,0.58,0.0,0.0,Winter,No Holiday,True
926,2017-12-23,405,14,8.6,63,1.6,263,1.9,0.72,0.0,0.0,Winter,No Holiday,True
927,2017-12-23,443,15,8.6,64,1.5,269,2.1,0.57,0.0,0.0,Winter,No Holiday,True
928,2017-12-23,473,16,8.2,64,1.0,281,1.7,0.32,0.0,0.0,Winter,No Holiday,True
929,2017-12-23,453,17,7.7,67,0.9,264,1.9,0.11,0.0,0.0,Winter,No Holiday,True
930,2017-12-23,340,18,6.6,73,0.4,229,2.0,0.0,0.0,0.0,Winter,No Holiday,True
931,2017-12-23,260,19,6.0,76,1.1,219,2.0,0.0,0.0,0.0,Winter,No Holiday,True
932,2017-12-23,258,20,5.9,75,1.5,222,1.7,0.0,0.0,0.0,Winter,No Holiday,True
933,2017-12-23,279,21,5.6,77,0.9,212,1.8,0.0,0.0,0.0,Winter,No Holiday,True
934,2017-12-23,282,22,5.3,79,0.6,200,1.9,0.0,0.0,0.0,Winter,No Holiday,True
935,2017-12-23,237,23,5.5,80,0.6,185,2.3,0.0,0.0,0.0,Winter,No Holiday,True
936,2017-12-26,178,0,-1.4,58,1.0,1880,-8.6,0.0,0.0,0.0,Winter,No Holiday,True
937,2017-12-26,127,1,-1.5,62,1.3,2000,-7.8,0.0,0.0,0.0,Winter,No Holiday,True
938,2017-12-26,85,2,-2.1,69,1.0,1995,-7.0,0.0,0.0,0.0,Winter,No Holiday,True
939,2017-12-26,72,3,-2.6,70,1.0,1992,-7.3,0.0,0.0,0.0,Winter,No Holiday,True
940,2017-12-26,49,4,-2.6,72,1.4,1929,-6.9,0.0,0.0,0.0,Winter,No Holiday,True
941,2017-12-26,65,5,-2.9,77,0.8,1833,-6.3,0.0,0.0,0.0,Winter,No Holiday,True
942,2017-12-26,120,6,-2.8,73,0.7,1906,-6.9,0.0,0.0,0.0,Winter,No Holiday,True
943,2017-12-26,296,7,-2.9,73,1.9,1911,-7.0,0.0,0.0,0.0,Winter,No Holiday,True
944,2017-12-26,578,8,-2.7,68,2.2,1919,-7.7,0.0,0.0,0.0,Winter,No Holiday,True
945,2017-12-26,293,9,-2.8,52,2.9,1895,-11.3,0.16,0.0,0.0,Winter,No Holiday,True
946,2017-12-26,180,10,-2.2,36,4.1,1930,-15.2,0.53,0.0,0.0,Winter,No Holiday,True
947,2017-12-26,250,11,-2.1,28,4.9,1887,-18.2,0.87,0.0,0.0,Winter,No Holiday,True
948,2017-12-26,262,12,-1.3,23,4.0,2000,-19.8,1.09,0.0,0.0,Winter,No Holiday,True
949,2017-12-26,262,13,-2.0,15,4.7,1970,-25.2,1.18,0.0,0.0,Winter,No Holiday,True
950,2017-12-26,271,14,-1.6,20,4.3,2000,-21.6,1.11,0.0,0.0,Winter,No Holiday,True
951,2017-12-26,246,15,-1.9,17,5.0,2000,-23.7,0.93,0.0,0.0,Winter,No Holiday,True
952,2017-12-26,282,16,-1.9,17,3.3,2000,-23.7,0.61,0.0,0.0,Winter,No Holiday,True
953,2017-12-26,350,17,-3.6,20,3.7,2000,-23.3,0.23,0.0,0.0,Winter,No Holiday,True
954,2017-12-26,481,18,-4.7,23,3.4,2000,-22.7,0.01,0.0,0.0,Winter,No Holiday,True
955,2017-12-26,317,19,-5.4,27,3.0,2000,-21.5,0.0,0.0,0.0,Winter,No Holiday,True
956,2017-12-26,252,20,-6.1,32,4.7,2000,-20.1,0.0,0.0,0.0,Winter,No Holiday,True
957,2017-12-26,220,21,-6.6,39,3.2,2000,-18.2,0.0,0.0,0.0,Winter,No Holiday,True
958,2017-12-26,213,22,-7.2,38,3.1,2000,-19.1,0.0,0.0,0.0,Winter,No Holiday,True
959,2017-12-26,156,23,-7.5,37,3.1,2000,-19.7,0.0,0.0,0.0,Winter,No Holiday,True
960,2017-12-27,133,0,-7.9,37,2.2,2000,-20.0,0.0,0.0,0.0,Winter,No Holiday,True
961,2017-12-27,142,1,-8.2,39,1.8,2000,-19.7,0.0,0.0,0.0,Winter,No Holiday,True
962,2017-12-27,93,2,-8.6,37,1.5,2000,-20.7,0.0,0.0,0.0,Winter,No Holiday,True
963,2017-12-27,81,3,-9.1,37,1.0,2000,-21.1,0.0,0.0,0.0,Winter,No Holiday,True
964,2017-12-27,55,4,-9.1,33,2.3,2000,-22.4,0.0,0.0,0.0,Winter,No Holiday,True
965,2017-12-27,66,5,-9.4,36,1.9,2000,-21.7,0.0,0.0,0.0,Winter,No Holiday,True
966,2017-12-27,105,6,-9.8,37,1.7,2000,-21.7,0.0,0.0,0.0,Winter,No Holiday,True
967,2017-12-27,262,7,-10.1,38,2.3,2000,-21.7,0.0,0.0,0.0,Winter,No Holiday,True
968,2017-12-27,502,8,-10.2,35,1.8,2000,-22.7,0.0,0.0,0.0,Winter,No Holiday,True
969,2017-12-27,279,9,-9.8,33,2.0,1997,-23.0,0.17,0.0,0.0,Winter,No Holiday,True
970,2017-12-27,146,10,-8.5,29,2.4,1992,-23.4,0.56,0.0,0.0,Winter,No Holiday,True
971,2017-12-27,213,11,-6.8,28,2.1,1986,-22.3,0.88,0.0,0.0,Winter,No Holiday,True
972,2017-12-27,230,12,-5.5,21,2.1,1941,-24.4,1.08,0.0,0.0,Winter,No Holiday,True
973,2017-12-27,258,13,-4.7,18,3.7,2000,-25.4,1.16,0.0,0.0,Winter,No Holiday,True
974,2017-12-27,231,14,-4.0,18,2.4,2000,-24.8,1.09,0.0,0.0,Winter,No Holiday,True
975,2017-12-27,228,15,-3.1,16,2.2,2000,-25.4,0.9,0.0,0.0,Winter,No Holiday,True
976,2017-12-27,269,16,-3.2,23,2.7,2000,-21.4,0.57,0.0,0.0,Winter,No Holiday,True
977,2017-12-27,314,17,-4.2,26,2.2,2000,-20.8,0.2,0.0,0.0,Winter,No Holiday,True
978,2017-12-27,466,18,-5.2,32,2.2,2000,-19.3,0.0,0.0,0.0,Winter,No Holiday,True
979,2017-12-27,315,19,-5.5,31,2.1,2000,-19.9,0.0,0.0,0.0,Winter,No Holiday,True
980,2017-12-27,262,20,-5.9,34,0.9,2000,-19.2,0.0,0.0,0.0,Winter,No Holiday,True
981,2017-12-27,242,21,-6.4,34,1.2,2000,-19.7,0.0,0.0,0.0,Winter,No Holiday,True
982,2017-12-27,243,22,-6.4,36,1.3,2000,-19.0,0.0,0.0,0.0,Winter,No Holiday,True
983,2017-12-27,216,23,-6.3,39,0.9,2000,-18.0,0.0,0.0,0.0,Winter,No Holiday,True
984,2017-12-28,164,0,-6.5,41,1.7,2000,-17.6,0.0,0.0,0.0,Winter,No Holiday,True
985,2017-12-28,169,1,-6.6,39,1.4,2000,-18.2,0.0,0.0,0.0,Winter,No Holiday,True
986,2017-12-28,163,2,-6.6,34,1.8,2000,-19.8,0.0,0.0,0.0,Winter,No Holiday,True
987,2017-12-28,86,3,-6.0,32,2.5,2000,-20.0,0.0,0.0,0.0,Winter,No Holiday,True
988,2017-12-28,50,4,-5.8,32,1.6,2000,-19.8,0.0,0.0,0.0,Winter,No Holiday,True
989,2017-12-28,61,5,-5.7,28,1.2,2000,-21.3,0.0,0.0,0.0,Winter,No Holiday,True
990,2017-12-28,103,6,-5.5,24,0.5,2000,-22.9,0.0,0.0,0.0,Winter,No Holiday,True
991,2017-12-28,257,7,-5.0,31,0.5,2000,-19.5,0.0,0.0,0.0,Winter,No Holiday,True
992,2017-12-28,554,8,-4.7,30,0.6,2000,-19.6,0.0,0.0,0.0,Winter,No Holiday,True
993,2017-12-28,326,9,-4.3,38,0.7,1877,-16.5,0.04,0.0,0.0,Winter,No Holiday,True
994,2017-12-28,225,10,-3.4,33,1.3,1863,-17.4,0.33,0.0,0.0,Winter,No Holiday,True
995,2017-12-28,288,11,-2.1,34,1.0,1868,-15.8,0.65,0.0,0.0,Winter,No Holiday,True
996,2017-12-28,286,12,-0.8,38,1.0,1686,-13.3,0.75,0.0,0.0,Winter,No Holiday,True
997,2017-12-28,301,13,0.8,46,1.4,1598,-9.5,0.8,0.0,0.0,Winter,No Holiday,True
998,2017-12-28,311,14,0.8,55,1.8,1132,-7.2,0.59,0.0,0.0,Winter,No Holiday,True
999,2017-12-28,303,15,0.4,57,2.4,1179,-7.1,0.36,0.0,0.0,Winter,No Holiday,True
